unique_id,city,job_qry,job_title,company_name,location,rating,link,Date published,full_text,location_full_text,Language,JavaScript,Python,Ruby,Java,R
pj_01bf00041da8eafc,Berlin,data+scientist,Technische Referentinnen und Referenten (m/w/d) in der Analyseunterstützung und Datengewinnung,Bundesamt für Verfassungsschutz,NOT_FOUND,NOT_FOUND,https://de.indeed.com/pagead/clk?mo=r&ad=-6NYlbfkN0DqZ1RMqcyLhHk9mL20NL6E_cPOls-PGIiCPfyCoUSmU6RxarBQPg62Jlbj1-ecOwbFOUnEaLiJaLg8UOzEh5xDTwO8CWvevLzyQiJZCcCyQBjwO7-POM0eguQMB6YmfbVgKLfgGXn_YvU6IXtxK5cN0IeIoxZSKqixXZlO6Ka-I3uORdLP-M9mqOpPpI8Ex39-5QKOCbBqGG6IQ-S4Bpeg9zUHeYxmwXy3pm4MD9J4WW9gMil423SJzs2ZRkCP2m1_AAsAVBkigfvQxM8fZ--xrhxcUkT8c9FFA5S9HCReeBHaulpnQjcBe-lFBx4r3rKRvTZ-1fCsj7helqZL1BAK5nebTWpR94WKxDVPDdJ0ppjRtBkxhXMJ36nVmnPZnv7am8o7t2qWJFtxV82oKjTZ51DVAe4wRvy31kDn_jM3d4GVKQWpPtysguUu4j09zm7kNZyGY9nUvurP6Uz_3xdL_W6hjQvr1oyvoudBgCQt7s38wKbCqsMSLYsGZDOn7Xfce-pWUHPZgcsON9M3_hkVZYxL19zow1w=&p=0&fvj=0&vjs=3,7,"Wir suchen zur Verstärkung unserer Teams an den Dienstorten Berlin und Köln mehrere
Technische Referentinnen und Referenten (m/w/d) in der Analyseunterstützung und Datengewinnung
Ihre Aufgaben
Das Bundesamt für Verfassungsschutz (BfV) leistet als Inlandsnachrichtendienst der Bundesrepublik Deutschland einen wesentlichen Beitrag für die Sicherheit der Bürgerinnen und Bürger.
Im Bereich der technischen Analyseunterstützung und Datengewinnung des BfV setzen Sie Ihre IT-Fachkenntnisse unter Anwendung eines modernen Tech-Stack zur technischen Erhebung, Aufbereitung oder Verknüpfung von nachrichtendienstlich relevanten Daten ein.
Sie arbeiten in komplexen, spezialisierten IT-Systemen, i.d.R. auf Linux- und Open-Source-Basis, als Software- bzw. Systementwickler/in, Techn. IT-Sicherheits- / Schwachstellenanalyst/in, Systemingenieur/in, Systemadministrator/in, Projektmanager/in oder Data Scientist.
Mögliche Einsatzbereiche sind der Cloud- / Plattformbetrieb und deren Weiterentwicklung, KI / Machine Learning / Big Data, Netzwerkforensik / Datenstromanalyse, IT- / Datenträgerforensik, Computer Network Exploitation und die Technische Datengewinnung / -erfassung.
Wir bieten
Sinnhaftigkeit
spannende Tätigkeit mit gesellschaftlichem Mehrwert und aktuellem politischen Bezug
Weiterentwicklung
durch Fortbildungen, gute berufliche Entwicklungsmöglichkeiten, vielfältige Einsatzbereiche
Fairness
flexible Arbeitszeiten, Überstundenausgleich durch Freizeit, familienfreundliches Arbeitsumfeld, auch durch individuelle Teilzeitmodelle
Teamzugehörigkeit
gute Arbeitsatmosphäre, Mentoring, Onboarding, Teil der Sicherheitscommunity
Gehalt und Perspektive
unbefristete Einstellung in die EG 13 TVöD Bund sowie Möglichkeit der späteren Verbeamtung
Übernahme von Beamtinnen und Beamten bis A 14 BBesG bei Vorliegen der laufbahnrechtlichen Voraussetzungen
Zahlung einer Nachrichtendienstzulage
Zahlung einer IT-Fachkräftezulage sowie weitere Gehaltsanhebungen nach Einzelfallprüfung möglich
Ihr Profil
Sie besitzen die deutsche Staatsangehörigkeit und verfügen über
ein abgeschlossenes wissenschaftliches Hochschulstudium (Master / Univ.-Diplom) der Fachrichtung Informatik, Mathematik, Physik oder
ein sonstiges wissenschaftliches Hochschulstudium mit IT-bezogener Ausrichtung.
Ebenfalls können sich Studierende bewerben, die den Abschluss eines solchen Studiums in Kürze anstreben.
Darüber hinaus erwarten wir
ein gutes schriftliches und mündliches Ausdrucksvermögen
die Fähigkeit zu konzeptionellem, analytischem und teamorientiertem Arbeiten
gute Kenntnisse in mindestens einem dieser Bereiche
Projektmanagement, idealerweise in Scrum oder PRINCE2®
Programmiersprachen: C / C++, Assembler (x86 / ARM), Go, Java, R oder Scala
Skriptsprachen: Python, Perl, Shell-Scripting
Erfahrung in Big-Data-Entwicklungsprojekten, Data Mining oder Business Intelligence
Software Reverse Engineering / Schwachstellenanalyse Windows, Linux, Android, macOS / iOS
Wir haben uns die berufliche Förderung von Frauen nach Maßgabe des BGleiG zum Ziel gesetzt und sind deshalb besonders an Bewerbungen von Frauen interessiert. Schwerbehinderte Menschen werden bei gleicher Eignung nach Maßgabe des SGB IX bevorzugt berücksichtigt.
Bitte bewerben Sie sich bis zum 17.04.2020 über das Online-Bewerbungssystem unter der Verfahrensnummer BfV-2019-105 auf https://bewerbung.dienstleistungszentrum.de/BfV-2019-105/index.html.
Das Bestehen von schriftlichen und mündlichen Eignungstests ist Voraussetzung für die weitere Bearbeitung Ihrer Bewerbung. Nähere Informationen rund um das Bewerbungsverfahren und die erforderliche Sicherheitsüberprüfung für eine Tätigkeit im Inlandsnachrichtendienst des Bundes finden Sie unter www.verfassungsschutz.de/karriere.
Für Fragen im Zusammenhang mit Ihrer Bewerbung stehen Ihnen die Mitarbeiter/innen vom Bundesverwaltungsamt – Servicezentrum Personalgewinnung – unter der Rufnummer 0228 99358-8690 gerne zur Verfügung.",10117 Berlin,German,1,1,1,1,1
pj_0f43552837db34d7,Berlin,data+scientist,Für Freelancer: Data Scientist (m/w/d),NOT_FOUND,NOT_FOUND,NOT_FOUND,https://de.indeed.com/pagead/clk?mo=r&ad=-6NYlbfkN0BP24j-pNkc6nflZ4x3bRMhQKJondvHJXfT3XLAJmjayG3c58APC-EpoJ-SRi_4oUfFMqnTC83go6YUS7ZoLIfj4YA4UizRLHxFPCOLI2BzFtM0PRjutGDYo2bW8UrSPd5naW4Kwk2q9VmTc0CHmVVwDYZCuw7yOKntD4AOyRhISRn4snLZKg6AfSStJuziFdefpKIGAFZt-5x661k_vcm1qOUht4aajIgjYTQ1eYQRrEM9z9l6p73t6Nke1rOmG1BJlmtntgqdaZA0QvVyCGTueT2gTVULvLkprkv9rrreZ8Xcd3cfZOG4JAdZfQqXwCDUZW_3iyfDgu7QRN3Fv9-Pu2FBpmOzuUutaY-7YBfeK8KxEEjvw6MVjUsjKf0QerIqWkTGzB_lrDDzN5_PLxMu4hLdFWtZSly9X_P63ueMoFfNnPW0mAsG005KrG1LTWXaf_fUWJjS6W1CFuTRnVRpIhlnLJby9hMuLXqCuM1Pqw6wxpfIHOl6&p=1&fvj=0&vjs=3,1,"Freelancer Projekt -
Wir sind aktuell auf der Suche nach einem Data Scientist für ein spannendes Projekt in der Energieversorgung/Elektromobilität.

Zu Ihren Aufgaben gehören:
+ Sichtung der Produktvision zur ersten Einschätzung der technischen Machbarkeit mit dem Product Owner

+ Sichtung der Hypothesen zur Datenbasis mit anschließender Validierung

+ Prototypische Weiterentwicklung des entwickelten Tools

+ Durchführung von Machbarkeitsstudien

Anforderungen:
Must:
+ Python

+ Data Science

+ Geo-basierte Data Science Anwendungsgebiete

+ Erfahrung mit mathematisch-statistischen Hypothesen

+ Bibliotheken im Bereich Data Science

+ Deutsch und Englisch in Wort und Schrift

Konnten wir Ihr Interesse wecken? Dann freuen wir uns auf die Zusendung Ihres aussagekräftigen Qualifikationsprofils unter Angabe Ihrer Stundensatzvorstellung.

Start: 06.04.2020
Dauer: 1 Monat +
Ort: Remote
Freelancer",Deutschland,German,1,0,1,0,0
pj_b97ab19d6d022121,Berlin,data+scientist,Data Architect/Engineer (m/w/d),B.i.TEAM Gesellschaft für Softwareberatung mbH,NOT_FOUND,"5,0",https://de.indeed.com/pagead/clk?mo=r&ad=-6NYlbfkN0BxmYOcUAOCxszE55UOx1TO4Bjpw4RpwxvlqCjBXNXKm2wRvcoD9J4--SNUQesMtSw_QF4Gspr1vijNS4nL7sOC-qcL8qgpGBrNlJegMzkzs9RAQNtDLCjIt3oCtN3qghZtNw1tOuB23kJYzc6cvSTofHaP1Fpqb4vj7WCH5oCD0GaL6CwVWfwNa1t2XyhEXIxAMN45HcWhaPzDsA0CZufJHz6zrzHHEEaercVFviKpaiP6ktN83RnGskVgEqVJFZuIEb5IRc5Ve_OlNO-5RZSSeCF-8GKlDckOGO2mOrPVdIlImIZHk6qz-JiYiOwJOu3e4uIVMpn5-lpVwDWa7AY89Ly-Ax9Co21nkDo3GnQw721VFcKW1hIY84BnaKQmApoXc0-vJ5bINnae75jd4teig4SL7wNVkdJME_93tPR9sIsDMYNdShh6_yJWEef3bURsdr347y5rQAuFsPhVOmW8uhQEnqngwSvSduMwpLGyflO_cxghF8Fw04xJgtL1EP2WqrUZdfqcOzpMzo0LD21PSUu03EFy7GVMOL3yi8QAmshqHwvZrC72s2EQJRTMERotMLDx7qEpG99qlMVja9-I&p=2&fvj=0&vjs=3,1,"Als Experte für ERP-, CRM- & Business Intelligence-Softwarelösungen auf der Basis von Microsoft Dynamics, SAP und Qlik ist B.i.TEAM mit mehr als 100 Mitarbeitern/-innen über die Standorte Berlin, Karlsruhe und München regional, bundesweit und international für Ihren Erfolg im Einsatz. Ein gesunder Enthusiasmus für neue Technologien und Produkte führender Hersteller ist hierbei die Basis für die Lösung anspruchsvoller Anforderungen. Wertschätzung, Respekt und Achtung untereinander stehen hierbei bei uns an erster Stelle.
Für den gezielten Ausbau unseres Geschäftsbereiches Data Intelligence und für die Realisierung anspruchsvoller Beratungsprojekte im Bereich Datenanalyse suchen wir Sie ab sofort für unsere Standorte München/Karlsruhe/Berlin als
Data Architect/Engineer (m/w/d)
Ihre Aufgaben:
Sie identifizieren, analysieren und validieren Daten(quellen) hinsichtlich ihrer Relevanz zur Vereinfachung und Optimierung von Betriebsabläufen
Sie entwickeln und implementieren mit unseren Kunden Konzepte zur (automatisierten) Bereitstellung, Verwaltung und dem Management von Daten unter Berücksichtigung von Beschränkungen und notwendigen Qualitätsanforderungen
Sie erstellen operative Datenbankarchitekturen und Prozesse (Workflows/Procedures) zum Schutz, zur Integration, Zentralisierung, Aufbereitung, Bearbeitung, Speicherung und Bereitstellung von Daten(quellen)
Sie strukturieren, in Kooperation mit Data Analysten und Scientisten, komplexe Daten aus verschiedenen Datenquellen (z. B. IoT, Sensoren, CRM- & ERP-Systeme)
Ihr Profil:
Bachelor- oder Master-Abschluss in (Wirtschafts-)Informatik oder vergleichbare Studiengänge
Erfahrung mit datengetriebenen Projekten
""Gespür"" für Daten und Verständnis von Datensätzen
Neugier darauf, Herausforderungen und Ziele unserer Kunden zu verstehen, um datengetriebene Lösungen aufzuzeigen
Kommunikations- und Teamfähigkeit
Selbständige, strukturierte Arbeitsweise
Technologiebegeistert:
Erfahrung mit ETL-Prozessen, idealerweise für ERP- und CRM-Daten
Experte für Datenmodellierung und Datenarchitekturen sowie den Umgang mit Data Lakes, Data Marts und relationellen Datenbanken
Expertise bei der Anbindung von Schnittstellen (APIs)
Wünschenswert sind Kenntnisse über Programmiersprachen wie z. B. SQL, XML, Python, .NET, Java, Scala, Spark, C#, C++
Erste Erfahrung im Umgang mit Tools wie z.B. Azure Data Factory, Azure IoT, Azure Synapse, MS/Azure SQL DB, Azure Cosmos DB
Unser Angebot:
Eine professionelle Einarbeitung und Unterstützung durch unser Patensystem, damit Sie schnell durchstarten können
Eine attraktive, leistungsgerechte Bezahlung und zahlreiche Benefits
Einen langfristigen und sicheren Arbeitsplatz bei einem Top-Arbeitgeber-Mittelstand 2020 (FOCUS-BUSINESS)
Ein sympathisches Team sowie kurze, unbürokratische Entscheidungswege und viele Möglichkeiten der Mitgestaltung
Zahlreiche gemeinsame Mitarbeiter-Events
Flexibles Arbeiten durch Homeoffice und Gleitzeit
Notebook und Mobiltelefon, auch zur privaten Nutzung
Weiterbildungsmöglichkeiten sowie ein vielseitiges Angebot an Trainings und Workshops
Sie begeistern sich für die Weiterentwicklung unseres datengetriebenen Beratungsportfolios, identifizieren sich mit seriöser Beratung, sind zuverlässig und engagieren sich für unseren gemeinsamen Teamerfolg? Dann würden wir Sie gerne kennenlernen!
Wir freuen uns auf Ihre Bewerbung (1 PDF-Datei) unter Nennung der Gehaltsvorstellung und des frühestmöglichen Eintrittstermins.
Jetzt bewerben
Ihre Ansprechpartnerin
Jana Vogel, Referentin HR
Telefon +49 721 27662-211
[E-Mail-Adresse ausgeblendet; Bitte auf ""Weiter zur Bewerbung"" klicken]
B.i.TEAM Gesellschaft für Softwareberatung mbH
Berlin | Karlsruhe | München
[E-Mail-Adresse ausgeblendet; Bitte auf ""Weiter zur Bewerbung"" klicken] | www.it-karriere-starten.de",10115 Berlin,German,1,0,0,0,1
p_36219d70bc045269,Berlin,data+scientist,Data Scientist (m/f/div),PubNative GmbH,Berlin,NOT_FOUND,https://de.indeed.com/rc/clk?jk=36219d70bc045269&fccid=02882322f4d6c22e&vjs=3,3,"We are PubNative, a mobile monetization platform that enables app publishers to enhance their revenue strategy through flexible ad units. With our proprietary cross-format optimization technology and mobile header bidding solution, we enable mobile publishers to maximize their programmatic advertising revenue. Our headquarters are in Berlin with a satellite office in Beijing.

Tasks

To keep up with our heavy traffic of around 25B auctions per day, we need to leverage state of the art technologies including:


an ad server written in Go,
iOS and Android SDKs,
Spark data pipelines (batch and streaming) running on a Kubernetes cluster,
Apache Airflow,
Tensorflow.

As a data scientist, your primary responsibility is to apply scientific reasoning to make our products better.

That entails:

identifying how we can solve business problems with exploratory data analyses,
developing optimization models and algorithms using Machine Learning toolkits,
taking those models out of dry-docks of Jupyter into production with the assistance of the data engineering team,
continuously monitoring the performances of the models with A/B tests.

Requirements

High traffic and low latency constrain our systems. That’s why we are looking for a background in specific technologies, and someone with the following profile:


A degree in informatics, statistics, computer science or any other relevant study field,
1+ years of relevant work experience as a Data Scientist building products,
experience in the ad-tech industry,
fluent in Python and SQL,
experience with classic exploratory data analyses techniques,
familiar with classic deployment tools, e.g., Git, Bash, continuous integration/development,
experience building data pipelines with Spark,
experience with machine learning paradigms, e.g., the different models involved, feature selection, preprocessing, cross-validation,
familiarity with at least one common framework like scikit-learn, Tensorflow, SparkML.

Nice to have:

experience with Scala or another strongly typed language,
acquaintance with functional programming,
open-source contributions.

Note: We do not ask for flawless skills in all the points above if you have some prior knowledge and an evident hunger to learn more.

Benefits


Reimbursement of the public transport monthly cards (company BVG abo),
reimbursement of your private telephone bill (20€ after-tax),
a day off on your birthday,
opportunity to attend industry events & conferences,
team events.

PubNative is looking forward to hearing from you!",10405 Berlin,English,1,0,1,1,0
p_4b260d0758ae7aa1,Berlin,data+scientist,Data Scientist (w/m/d),Berliner Wasserbetriebe,Berlin,"4,3",https://de.indeed.com/rc/clk?jk=4b260d0758ae7aa1&fccid=9a54f9dfdb6f7c75&vjs=3,5,"Im Bereich Planung und Bau - Investitionssteuerung (PB-I) sind wir für die kosten- und termingerechte Steuerung der Netzbaumaßnahmen und das dezentrale Controlling inklusive Personalcontrolling für ca. 650 Mitarbeiter verantwortlich. Hierfür (Standort: Neue Jüdenstraße 1 in 10179 Berlin) suchen wir ab sofort Verstärkung.

Was Sie bei uns bewegen
Sie verantworten unsere Prognosemodelle auf Basis frequentistischer und Bayesianischer Statistik
Sie leiten die Projektgruppe für Prognosen und Prognosemethoden
Sie konzeptionieren unsere Datenmodellierung und entwickeln bestehende Datenmodelle weiter
Sie stellen unser PB-Reporting zentraler Controlling-Inhalte auf webbasiertes Online-Reporting um
Mit Methoden des Machine Learning und Data Mining finden Sie Einflussfaktoren in Planung und Bau
Das bringen Sie mit
Ein abgeschlossenes Masterstudium der Fachrichtung Informatik, Wirtschaftsinformatik oder Mathematik/Statistik mit Schwerpunkt Data Science
Alternativ ein vergleichbares Masterstudium der oben genannten Fachrichtungen
Eine Leidenschaft für Bayesianische Modelle sind ein echtes Plus
Sehr gute Kenntnisse in Datenbanken und Anwendung von Codes (zum Beispiel Matlab)
Strukturierte, ergebnisorientierte, termingerechte Arbeitsweise und Freude an Komplexität
Über die Berliner Wasserbetriebe

Die Berliner Wasserbetriebe sind mit 4.511 Mitarbeiterinnen und Mitarbeitern das größte Unternehmen der Wasser- und Abwasserbranche in Deutschland. Als Unternehmen des Landes Berlin gestalten und fördern sie die lebenswerte, moderne Metropole Berlin.

Warum Sie sich für uns entscheiden sollten

Innovativ zu sein, heißt für uns Erfindergeist zu zeigen. So entwickeln wir ständig neue Technologien und Verfahren, um den Wasserkreislauf Berlins noch wirtschaftlicher und umweltfreundlicher zu gestalten. Wer wertvolle Arbeit leistet, verdient ein attraktives Umfeld. Unseren Mitarbeiterinnen und Mitarbeitern bieten wir deshalb flexible Arbeitszeitmodelle und beste Voraussetzungen, um Beruf und Familie miteinander zu vereinbaren. Talente zu fördern, ist für uns keine Frage von Alter oder Position. Die Berliner Wasserbetriebe bieten ihren Beschäftigten vielfältige Perspektiven: den Aufstieg zur Führungskraft, eine Karriere durch Spezialisierung, die Chance eines Jobwechsels innerhalb des Unternehmens und vieles mehr.

Bezahlung

Bei vollumfänglicher Aufgabenübertragung bieten wir eine Vergütung in der Entgeltgruppe 12 nach dem Tarifvertrag Versorgungsbetriebe (TV-V) an.

Information

Behinderte Menschen werden bei gleicher Eignung bevorzugt. Da wir uns Chancengleichheit und die berufliche Förderung von Frauen zum Ziel gesetzt haben, sind wir besonders an Bewerbungen von Frauen interessiert. Bewerbungen von Menschen mit Migrationshintergrund sind ausdrücklich erwünscht. Bitte senden Sie Ihre vollständigen Bewerbungsunterlagen bis zum 30.04.2020 unter Angabe der Job-ID 40/2020 an nachfolgende Anschrift. Unterlagen, die Sie online einreichen, konvertieren Sie bitte zu einem PDF-Dokument (inkl. Anschreiben, Lebenslauf und Zeugnissen).",Berlin,German,0,1,0,1,0
p_2140ef56b969a8f0,Berlin,data+scientist,Data Scientist,Zero to One Search,Berlin,"4,6",https://de.indeed.com/company/Zero-to-One-Search/jobs/Data-Scientist-2140ef56b969a8f0?fccid=11a0debe46f4b329&vjs=3,14,"Join the team to become a part of a new direction within popular eCommerce company, which is building up new technologies and features across the company in the areas of data science and machine learning, natural language processing, recommender systems, search/ranking systemsYour tasks include· Independent design and development of machine learning models for new product features or process optimizations for company’s product areas.· Implementation of algorithms and models in cooperation product management, IT, management for the productive mode (e.g. using cloud technologies)· Independent choice of new approaches and technologies to optimize our websites and processesRequirements· Completed a master's degree or doctorate in mathematics, physics, statistics, computer science, business informatics or a comparable field· Enthusiasm for the development and practical implementation of machine learning models in a productive environment· Comprehensive programming experience (especially Python) and confident handling of relational databases (SQL, cloud DWH techniques)· Experience with machine learning and possibly deep learning packages (e.g. scikit-learn, tensorflow, Keras)· Experience with the roll-out of machine learning models in production mode· Experience with big data and streaming technologies is an advantage (e.g. Spark, Hadoop, Kafka)· Strong analytical and conceptual thinking skills· Hands-on mentality, quality standards and a precise and independent way of workingBenefits· Our client offers you the stability of an established online company· Steep career opportunities through continuous growth - take the path to becoming a specialist individually or develop into a manager· Individual development and further training opportunities thanks to a broad training programs and specialized personnel development for your career path· Vouchers for numerous company’s products and a subsidized company pension· Extras like drinks and fruit are obligatory· Central location with excellent transport links· They celebrate success together at numerous eventsJob Types: Full-time, Permanent",Berlin,English,1,1,0,0,0
p_57a7f39890f99eca,Berlin,data+scientist,Data Scientist,Codepan GmbH,Berlin-Kreuzberg,NOT_FOUND,https://de.indeed.com/rc/clk?jk=57a7f39890f99eca&fccid=55f61728f944f61a&vjs=3,8,"Codepan is a highly skilled & diverse technology team based in Berlin. We are currently developing our first product - Streem.ai.

Streem.ai is an anomaly detection solution that monitors large amounts of data using unsupervised machine learning to provide insights and identify business critical blind-spots for organizations in real time.

Tasks

Streem.ai is seeking an experienced and motivated Data Scientist to help build and refine an automated, real-time anomaly detection tool. The person in this role will work closely within our team of 5+ data scientists and software engineers in a startup environment. You will conduct research, design competitive machine learning algorithms, evaluate them on real client data, and help build a scalable end-to-end solution that is capable of near real-time anomaly detection.

Our ideal candidate thrives in a fast-paced startup environment, has a background in statistics, applied mathematics, or computational science and a history of solving difficult problems in a scientific environment. The candidate has experience in designing, applying and evaluating state-of-the art machine learning models and is comfortable with writing code in Python and working with large amounts of data. We offer the unique and rewarding opportunity of building a product from scratch in a young company. We work in flat hierarchies and reward creative thinkers and curious minds.

Requirements


A postgraduate degree in Computer Science, Engineering, Mathematics or Statistics
Ability to design statistical models
Ability to design machine learning methods and apply them to data
Proficiency in Python
Experience with Github and either TensorFlow or Pytorch
Ability to effectively communicate ideas and findings with actionable conclusions backed by data
2+ years industry experience
Optional: Proficiency with SQL, MongoDB or other databases

Benefits


Competitive salary with bonus options
Team of experienced data scientists and full-stack software developers who are - more than happy to share their knowledge with you
Working on diverse and cool projects in the field of Data Science & IoT
International team with a diverse skill set and background, who really enjoys working together
Beautiful office place in Kreuzberg (Paul-Lincke-Ufer)",10999 Berlin-Kreuzberg,English,0,0,0,1,0
pj_c0e49bc62814164f,Berlin,data+scientist,IT Security Analyst CERT (m/w/d),top itservices AG,NOT_FOUND,"3,6",https://de.indeed.com/pagead/clk?mo=r&ad=-6NYlbfkN0Brx0uYoPiYEBflfSDWXFB9zqV7Dob0iCaE-LNUS3kEB7gFWilwsotWvarbNU9NpUQez-6E3oaZurzgnZRU0uf6Fkfbmle50akCKKapxqLPgvRWnzQzKzRbBD7RQfjaM-7Y79lO5U0axMDBqgbibNvjTKQ2Lg0wXzycJi_36gWK9JhRTzK7iconmkWjWGgcPclUMLuykbCKfrJTS4ncaPmyOu_7dSfK1_TrVZDFxkDhkX-sSV_A5g8zvoK6BMs858KNMfSfmNNOKXwe0hpVHkw2COKzahTJH-4wLsBhg7zxl76_ug17X7vueewMO68N9QIvXWhx6xgMbQa4sLJZcDuN8GpN5jZps9sJCkgBKOvk5XyQzDdO7jNGzabUMwYWzpgHIEZl6199uwUvyvk3bgfiv3PUqskknP5TlJc6S1PziMA8Szo2D2Za&p=0&fvj=0&vjs=3,12,"Sie suchen einen Arbeitgeber, der Ihre Expertise optimal einsetzt? Dabei wollen Sie sich weiterentwickeln und lernen? Hierfür suchen Sie Unterstützung im Bewerbungsprozess und bei Ihrer Karriereplanung? Dann suchen wir Sie! Kompetent, persönlich und initiativ - das ist die top itservices AG: Als einer der führenden Personaldienstleister für IT und Engineering bringen wir top Fach- und Führungskräfte sowie Spezialisten zum passenden Unternehmen. Für Festanstellungen, auf Zeit oder für Projekte. Dabei bieten wir einen ganzheitlichen Experten-Service. Wir nehmen uns Zeit, Sie kennenzulernen und coachen und navigieren Sie auf Wunsch durch Ihren beruflichen Weg.
Nehmen Sie die Herausforderung an und besetzen Sie zusammen mit uns eine vakante Position als IT Security Analyst CERT (m/w/d).

IT Security Analyst CERT (m/w/d)
Berlin | Festanstellung | Ab sofort oder nach Vereinbarung |
Jetzt bewerben
Ihre Aufgaben

Erarbeitung von Sicherheitskonzepten und Maßnahmen zur Behebung der in den Systemen bzw. Prozessen lokalisierten Schwachstelle
Analysierung und Planung des Einsatzes von Tools des CERT
Aufbau und kontinuierliche Weiterentwicklung von Splunk und des Security Monitorings
Unterstützung bei Audits im Rahmen des Verantwortungsgebietes
Beratung und Unterstützung der Mitarbeiter bei IT-Sicherheitsanfragen
Ihr Profil

Abgeschlossenes Studium z.B. in Informatik, Data Scientist oder IT-Forensik
Alternativ mehrjährige praktische Erfahrung
Fundiertes Wissen im CERT / SOC Umfeld hinsichtlich des Einsatzes von Überwachung- und Analysewerkzeugen
Sehr gute Kenntnisse mit den Tools im Bereich von CERTs / SOC / CDC
Hohes Maß an Verantwortungsbewusstsein und Zuverlässigkeit
Verhandlungssichere Deutsch- und Englischkenntnisse
Ihre Chance

Spannende Tätigkeiten in einem innovativen und abwechslungsreichen Berufsfeld
Weiterbildungsmöglichkeiten und regelmäßige Teamevents
Arbeit mit aktuellen Technologie
INTERESSIERT?
Erkennen Sie sich wieder? Dann senden Sie Ihre Unterlagen unter Angabe der Kennziffer 425-11175. Erste Informationswünsche und Fragen beantwortet Ihnen Frau Melis Aktas gern telefonisch unter +49 30 2014497-16. Wir freuen uns bald von Ihnen zu hören!
Zimmerstraße 27
10969 Berlin
+49 30 2014497-0
Jetzt bewerben
Erfolgt im Text zugunsten einer besseren Lesbarkeit keine explizite Differenzierung zwischen der weiblichen, männlichen und weiteren Formen, so sind dennoch stets alle gemeint.",Berlin,German,0,0,0,0,1
pj_733c5dac44be525b,Berlin,data+scientist,(Senior-) Data Scientist Advanced Analytics (m/w/d) - Neckarsulm,LIDL Stiftung & Co. KG,NOT_FOUND,"3,3",https://de.indeed.com/pagead/clk?mo=r&ad=-6NYlbfkN0CKyEqZyk_ZSsgHwjtgeoJ5IGjZzejJCjdPzRasDeXXUewXo1pSUdrkTUmt-thJDL26fY7oich_QmKBqYJBXnN_RRdXnmyYkRrB1pdlz4kM3TF7Rci4vr7XVe5xn4BbR1z7IzHZVCI7xIlcH092LDfm2EC2-4QRW9oudnS14imY-QmNHMd0rCQgFsw5iEXBBgAbIny32U2Z5jaL2T-6fBJTWhEHQbaLWzQViAQo9Csl-ScgrDv_qRymjRAuW0yQQM2pK834V4o8AhHQ5hxPYyutHA-UNzcNpkqvzXBu8TRqbeEC5xmCTQ4wdxSEQzb8vMpCfRIryniShQH-p4EkXnciTZdmM8Rpi7ML_yxrsvrSoKRdHPIJX-6umMjf5GjH_ywURH6ZGsSwVrQa3MZzFXVEwuzb0mJPG3cf8r78hQhKt6DjpzCfmMrdPhwxinP2bXs=&p=1&fvj=0&vjs=3,23,"Mehr als 10.800 Filialen und 150 Logistikzentren in 30 Ländern – das ist Lidl. Um unsere anspruchsvollen Ziele weiterhin effizient erreichen zu können, suchen wir Dich als Verstärkung für unseren Analytics-Bereich. Hier begleiten wir Lidl auf dem Weg zu einem datengetriebenen Unternehmen und pilotieren im „Fail-Fast Ansatz“ innovative Business-Anwendungen im Schulterschluss mit den Fachabteilungen (Vertrieb, Einkauf etc.). Dazu beraten wir diese bei Fragestellungen und gestalten weltweite Geschäftsprozesse mit. Zusätzlich unterstützen wir die Länder, dezentral Analytics-Kompetenzen aufzubauen und durch eine enge Zusammenarbeit die internationalen Synergien zu schöpfen. Bewirke Großes und erlebe, dass sich Dein Einstieg lohnt – am internationalen Hauptsitz von Lidl in Neckarsulm.

Deine Aufgaben

Du identifizierst gemeinsam mit Fachexperten Fragestellungen, bei denen Advanced Analytics einen echten finanziellen Mehrwert für Lidl liefern
Du bereinigst und verknüpfst relevante Datenquellen als Grundlage für weitere Analysen
Du nutzt modernste Algorithmen, um unterschiedliche Geschäftsprozesse zu optimieren und führst den Proof-of-Concept herbei
Du führst gemeinsam mit Fachbereichen Piloten durch, um die Funktionsfähigkeit und den Mehrwert Deiner Modelle in der Praxis unter Beweis zu stellen
Du bereitest gemeinsam mit Kollegen aus der IT den Übergang zur Industrialisierung vor
Du bearbeitest Projekte in interdisziplinären, agilen Teams und präsentierst in regelmäßigen Abständen neue Ergebnisse vor Stakeholdern und dem Management

Dein Profil

Abgeschlossenes Hochschulstudium im Bereich Mathematik/Statistik, Informatik, Physik, VWL, BWL oder einer themenverwandten Fachrichtung
Idealerweise mehrjährige Berufserfahrung in den entsprechenden Themenbereichen
Sehr gute Kenntnisse in der Anwendung von Machine-Learning-, Optimierungs- und Data Mining-Methoden (z.B. mit Python oder R)
Kenntnisse im Umgang mit Datenbanken (SQL, Hadoop, Hive)
Erfahrung mit Methoden der agilen Produktentwicklung
Fähigkeit, komplexe Fragestellungen und Szenarien zu verstehen, detailliert zu analysieren und die gewonnenen Erkenntnisse einem nicht technischen Publikum verständlich zu präsentieren
Englischkenntnisse
Deutschkenntnisse erforderlich

Wir bieten

Wir legen Wert darauf, dass sich dein Einstieg bei uns lohnt! Daher profitierst du bei uns nicht nur von einer überdurchschnittlichen Vergütung und allen Sozialleistungen eines Großunternehmens. Wir erkennen die vielfältigen Bedürfnisse unserer Kolleginnen und Kollegen an und entwickeln Lösungen zur Vereinbarkeit von Berufs- und Privatleben. Ein persönlicher Pate macht dich vom ersten Tag an mit deinem Job vertraut und ist dein Ansprechpartner für alle Fragen, rund um das Unternehmen. So findest du dich bei uns schnell zurecht – und so kannst du von Beginn an das kollegiale Miteinander und die individuellen Weiterbildungsmöglichkeiten für dich entdecken.

Aus Gründen der leichteren Lesbarkeit verwenden wir im Textverlauf die männliche Form der Anrede. Selbstverständlich sind bei Lidl Menschen jeder Geschlechtsidentität willkommen.

Aus Gründen der leichteren Lesbarkeit verwenden wir im Textverlauf die männliche Form der Anrede. Selbstverständlich sind bei Lidl Menschen jeder Geschlechtsidentität willkommen.",Deutschland,German,1,1,1,1,0
pj_813dba263a896923,Berlin,data+scientist,Head of Data Science,Glocomms,NOT_FOUND,NOT_FOUND,https://de.indeed.com/pagead/clk?mo=r&ad=-6NYlbfkN0Ac1dQX5O4bM0SP6UJQV27qUKlsnOLo2dFi0v4Kq4pXXbjTLEo__hQoPNQLRlLaGvlew43jEQM-znKOmEeUrLYQvRsseDZcM8s77ojvnI3N7zNPUSkpy6h0Qsxnh82YrPMfQ_vWZtFskzv9ufCt-FjXT61Z_f16tl6fdKA7zKCj4ilNFnGx3x0gTuWkwn5oroZX8SeteJkba2LXJPg2RZL1k_rESJ2SU0cWuQ7_q8gqlJ8hOEjioHvEfStAs4E3v83n-RwSL_PN8HWdSdmK6HIK7M-Cx1k4OtLuyhcIBZ35PxKh-_ucN9ih23Pe0kzQxmwpFbuqZZS3I15wVmq00wSAkf-sVc_49o_84hOzYWBuqGjTOhPkRscpGtTjgVAGmgy_yfmmJRUBR2z7BRHSVxotztj98Xmif3wHiqk54XBXJ0p4tD5SVkwCNkrjNgfpNl53qrSY4e9pPLFVO28ew2QIq3FTHU9hcozXaqTVqx3PGOa4cyomMiBwgP2TnkREb48lRBIXYqMWd2kg8-n14qk7&p=2&fvj=0&vjs=3,16,"Head of Data Science

+3,000 leading German company, Cologne Region

Salary: €90,000 - €150,000 plus lots of benefits!


Interested in being part of an international award-winning innovative company in the heart of Cologne? Looking to report directly to the C-Suite?

Currently 23 members in the Data Science Team and looking to expand rapidly, they have recently decided to invest massively in the Advanced Analytics department to work on the real big data.

Through this they are now expanding the team with the best Senior Data Scientist who are passionate to working with the newest technologies in the market.
Also they are looking for a senior experienced data scientist to manage the team and help building the department.


What are the Responsibilities?

Manage the current team of Data Scientists and managing key clients and data projects.
Solving complex time series data science problems using the firm's innovative data product.
Building a trusted relationship with the team and build extend the team through new hires.
Building complex AI solutions and ability to take decisions and give clarity to team members.
Reporting directly to the C- level Manager and staying abreast of the latest data science techniques.
What do I need?

A master's degree (PhD preferred) in Statistics, Machine Learning, Mathematics, Computer Science, Economics, or any other related quantitative field.
5+ years of business experience in a data science role with management responsibilities.
Strong communication skills and experience with building new teams.
Being able to be the bridge between the technical team and the management.
Hands-on experience building and implementing time-series predictive models using modern machine learning algorithms.
Benefits:

Flexible working hours within a global company in different countries.
Unique international department culture with organized events such as free lunch and a great work space in the heart of Cologne.
Chance to head the Global Data Science team of a leading German company.
Paid education/trainings and travel to relevant conferences, nationally and internationally to stay up to date with the market.
If you are interested in discussing this role in a little more detail - please get in touch with us at Even if you are not actively looking at this time but interested in other opportunities we may have, please reach out.",Deutschland,English,0,1,1,1,0
p_5132e3c6c75bbf3b,Berlin,data+scientist,Data Scientist (w/m/d),PwC,Berlin,"4,0",https://de.indeed.com/rc/clk?jk=5132e3c6c75bbf3b&fccid=5e964c4afc56b180&vjs=3,19,"Du hast Talent. Wir sind ein internationales Netzwerk aus 276.000 Mitarbeiterinnen und Mitarbeitern, die ihr Wissen, ihre Erfahrungen und ihre Ideen miteinander teilen. Du suchst einen herausfordernden, spannenden Job. Wir bieten dir als weltweit führende Wirtschaftsprüfungs- und Beratungsgesellschaft ein Maximum an Möglichkeiten für einen Karriereweg nach deinen Vorstellungen. Du möchtest Verantwortung für deine Ergebnisse übernehmen, Lösungen gemeinsam mit dem Kunden entwickeln und einen Arbeitgeber mit passenden Werten. Unser Denken und Handeln orientiert sich an Grundsätzen, die von Vertrauen, Respekt, Weitsicht und Wertschätzung geprägt sind.

Du möchtest mehr über PwC erfahren?

Unternehmensprofil
Deine Aufgaben
Innovation – Du entwickelst Daten- und Algorithmen basierte Methoden zur Lösung komplexer und ungewöhnlicher Zusammenhänge. Dazu verbindest du Technologien, Konzepte und Statistik zu innovativen Lösungen, die sich vom Prototyp bis hin zur skalierbaren Unternehmenslösung entwickeln können.
Datenanalyse – Du bearbeitest große strukturierte und unstrukturierte Daten auf und analysierst sie, dabei erkennst du Muster und wendest Verfahren aus den Bereichen Data-Mining, Predictive-Analytics und Machine-Learning spielend an. Darüber hinaus identifizierst und bewertest du unbekannte Beziehungen in Daten, um businessrelevante Erkenntnisse zu gewinnen und bist für die Durchführung explorativer Datenanalysen in komplexen Datenstrukturen zuständig.
Algorithmen – Den Einsatz und die Logik hinter Algorithmen verstehst du intuitiv und kannst diese für viele Anwendungen und Kundeninteraktion persönlicher, relevanter und wirtschaftlicher gestalten. Du erstellst wiederverwendbare analytische Modelle und operationalisierst sie.
Weiterentwicklung – Du wählst passende Visualisierungs- und Analyse-Tools aus und entwickelst unsere Big Data & Analytics-Landschaft aktiv weiter.
Spannende Einblicke –Tüftle an spannenden Fragestellungen, wodurch du dein Knowhow weiter ausbauen kannst, und setzt dieses gemeinsam mit unseren Projektteams um.
Effiziente Netzwerkpflege – Darüber hinaus entwickelst du unsere Netzwerke zu tragfähigen, dauerhaften Kundenbeziehungen.
Dein Profil
Du hast erfolgreich dein Studium der Informatik / Mathematik / Physik oder ein vergleichbares naturwissenschaftliches Studium abgeschlossen und verfügst über Knowhow in der Datenanalyse sowie über grundfundierte Statistik- Mathematik Kenntnisse. Das Verstehen von betriebswirtschaftlichen Grundlagen unterstützt deine technischen Fertigkeiten.
Du verfügst über gute Kenntnisse in mindestens einer Data-Science-nahen Programmierungsumgebung wie R, Python, Matlab (oder ähnliche) sowie Erfahrung relationalen Datenbanken und NoSQL-Datenbanken. Die Möglichkeiten des Apache Hadoop Frameworks verstehst du und kannst sie aktiv einsetzen.
Du bringst praktische Erfahrungen mit Projekten und Fragestellungen, bei denen Advanced-Analytics-Methoden wie Data-Mining, Predictive- Analytics oder Machine-Learning zum Einsatz gekommen sind, mit.
Dein gutes Analyseverständnis komplexer Zusammenhänge und ein sicherer Umgang bei der Vorverarbeitung und der Auswertung großer Datenmengen unterstützen dich bei der Bearbeitung spannender Fragestellungen.
Herausfordernde Probleme wollen von dir gelöst werden. Dabei zeigst du hohen Einsatz und willst etwas bewegen.
Du hast Spaß daran, dein Experten-Wissen mit anderen zu teilen und so neues Wissen zu generieren.
Weiterhin kannst du Ergebnisse einfach und verständlich gegenüber deinem Team und auch unseren Geschäftspartnern präsentieren. Dabei macht es für dich keinen Unterschied, ob auf Deutsch oder Englisch.
Die im Beratungsumfeld notwendige Flexibilität und Mobilität bringst du mit.
PwC steht für Vielfalt – bei den Aufgaben wie auch bei unseren vier spannenden Geschäftsbereichen. Je nach Stelle arbeitest du im Bereich Assurance in der Prüfung und Beratung rund um Rechnungslegung und Berichterstattung, im Bereich Advisory in der branchenspezifischen Prozess-, Organisations- und IT-Beratung, in Tax und Legal auf Großprojekten in der Steuer- und Rechtsberatung oder in unseren internen Bereichen, die unser organisatorisch-technologisches Rückgrat bilden. In allen Bereichen warten interessante Fragestellungen auf dich und du hast die Möglichkeit, dich und deine Fähigkeiten optimal einzubringen.

Du möchtest mehr über unsere einzelnen Geschäftsbereiche erfahren?

Weitere Informationen",Berlin,German,0,1,1,1,1
p_c5300c9e65c28e57,Berlin,data+scientist,Data Scientist,Hundred,Berlin,NOT_FOUND,https://de.indeed.com/rc/clk?jk=c5300c9e65c28e57&fccid=aee004c11f2098d1&vjs=3,7,"MADE FOR\_ is a tech company in the online nutrition industry aiming to simplify the customer health journey by providing users with tailored monthly nutrition packs (mineral, vitamins, herbs and specialties). Join a well-funded and already established solid team of entrepreneurs and specialists.

Our data science team is in a special position to tackle problems across digital product (web, recommendations), operations research (inventory), and general behavioral prediction (probabilistic models, time series analysis). The data around our e-commerce products will interact richly with granular measures of users' health and wellness, a domain where machine learning is only recently starting to gain traction.

As part of a small team at a young company, Made For\_’s data scientists also work closely with engineering to guide the instrumentation of new events and data sources. You will help establish a solid foundation for the data stack at Made For\_ and build a culture of rigorous analysis across our different departments. It is a truly interdisciplinary role with end-to-end functions from engineering implementations to high-impact business strategy.

Tasks


Manage high-dimensional datasets
Clearly convey findings through visualization, written communication, presentations, and/or internal tools
Work closely with the head of data science and executives to inform strategic decisions in marketing, operations, and product

Models Involved


Text Analysis and NLP
Cohort Analysis and Survival Models
Regression models via logistic/linear regressions
Recommendation systems

Requirements


Proficiency with Python and the scientific Python suite (numpy, pandas, scikit-learn, matplotlib, Jupyter notebooks) or R (tidyverse)
Proficiency with SQL
Bonus: familiarity with engineering tools (GitHub, Heroku, Docker)",10119 Berlin,English,0,1,0,0,1
p_e268f984de9bca8a,Berlin,data+scientist,Scientist Data Management (m/f/d),BASF Services Europe GmbH,Berlin,"4,1",https://de.indeed.com/rc/clk?jk=e268f984de9bca8a&fccid=38313780e9822361&vjs=3,6,"Agriculture is all about balance. The balance that is crucial to everyone's existence - also applies to our Agricultural Solutions division. We connect innovative thinking with practical action to find the right balance for success - for farmers, agriculture and future generations. With seeds and traits, crop protection and digital solutions, we help farmers produce food more efficiently, protect the land and meet the needs of society.
RESPONSIBILITIES

Join our Agricultural Solutions Expert Services Team and support us in data management for agricultural products.
You will prepare and update safety data sheets in accordance with legal requirements and determine the classification and labelling of commercial products and intermediates.
You will coordinate closely with internal departments and specialist units and continuously monitor quality assurance measures.
You will provide support in the development and implementation of new processes and in the transfer of know-how.
QUALIFICATIONS

master's degree in natural sciences such as chemistry, environmental sciences, pharmacology or biology
experience in the efficient management of large amounts of data is an advantage
high IT affinity and excellent presentation skills
fluent language skills in German and English, both written and spoken
high customer orientation, entrepreneurial thinking and excellent communication skills
BENEFITS

Onboarding to help you settle in quickly, ensuring you are part of the BASF team from day one.
Flexible work arrangements so that you can balance your working life and private life.
ABOUT US

Do you have any questions about the application process or the position? Ms. Kahn (Talent Acquisition) Phone no.: +49 (0)30 2005 58429

Please note that we do not return paper applications including folders. Please submit copies only and no original documents.

BASF Services Europe GmbH can be found in the heart of Berlin and delivers a range of services for the BASF Group across Europe as a ""Shared Service Center"". We are an international team of 2000 employees from more than 50 nations and we bring together know-how in the areas of finance, controlling, HR, procurement, product safety and digitalization. We place an emphasis on teamwork and commitment and put diversity and inclusion into practice every day. Learn more about the SSC at http://www.on.basf.com/ServicesEuropeEN

At BASF, the chemistry is right. Because we are counting on innovative solutions, on sustainable actions, and on connected thinking. And on you. Become a part of our formula for success and develop the future with us - in a global team that embraces diversity and equal opportunities irrespective of gender, age, origin, sexual orientation, disability or belief.",Berlin,English,0,0,1,0,0
pj_8ead95f873a90e63,Berlin,data+scientist,"Data Scientist (m/w/d) im Autismus-Spektrum - Datenbankentwicklung / BI, IT",auticon GmbH,NOT_FOUND,NOT_FOUND,https://de.indeed.com/pagead/clk?mo=r&ad=-6NYlbfkN0CVCrXcfYfKKia1D0h7rid2rNhKbW26IQSSlmAmOyprZEJO3j_1OFQbSplC53VDdy3tjpr1zvJBMXmmEgVZGhNHeUkljK9dQgwU3Mc1ZketdTkBDcbJgiRSyiCwt_QpYv06xYpoSsYaozKQi8r8T9AEPrMMalzacAGC1EJA1E0C4cxaHCjLCrCUWVYkIVggttyKBruqqg14ccGHuDVrNpwGDyRab7guHkKvwsL3CT7_CVWWZsmFtURbfNgDsVSqClXKzpaATt3aYoEhjrk268sFMxqokFoPCK8Kmt49JbYr7rJUBgFj6aicMb4miyFL8o2IcloOW-0p4tp340xzJ61WJgOzoMHG9trZOuqVF-vpaosFPl0D5D8K2EnbNcJwXIBc8zhZ2nIAeIOJxxHuyq8VwyJZpcnwY16yeKhHiGhCOksKnSKQ9p_Gc7D7qPuQ5b3SHnqD9letzr741g0egGMTj619vXeNIXRlxZeSj6VaThIonv6MIOLAy8azKF7KKgs=&p=13&fvj=0&vjs=3,14,"Besonders bei auticon:
Möchten Sie für ein erfolgreiches und wachsendes IT-Dienstleistungsunternehmen in den Themenbereichen Softwareentwicklung & Migration, Analytik, Qualitätsmanagement & Testing und Compliance & Reporting arbeiten?
Wir sind anders als klassische Beratungsunternehmen. Wir sind das erste IT-Dienstleistungsunternehmen in Deutschland, das ausschließlich Autisten als IT-Mitarbeiter einsetzt. Wir vertrauen den logischen und analytischen Stärken von unseren autistischen Mitarbeitern und suchen weitere leidenschaftliche, qualitätsorientierte und IT-affine Mitarbeiter.
Wir suchen Data Scientist (m/w/d).
Warum es sich lohnt zu auticon zu wechseln – Unser Angebot:
Wir bieten eine autismusfreundliche Arbeitskultur, ein wertschätzendes Umfeld mit flachen Hierarchien und flexible Arbeitszeitenmodelle nach Absprache
Sie arbeiten an vielfältigen IT-Projekten bei unseren namhaften Kunden
Ein Job Coach bietet Ihnen Unterstützung in Fragen der Kommunikation, im Umgang mit Behörden und arbeitsalltagspraktischen Fragen, damit Sie sich voll auf Ihre Kernaufgaben konzentrieren können
Ein Projektmanager bietet Ihnen Unterstützung in der fachlichen Kommunikation mit dem Kunden und bei der organisatorischen und zeitlichen Strukturierung Ihrer Projekte und Aufgaben
Wir ermöglichen Ihnen fachliche Weiterentwicklung durch die mit Ihnen abgesprochene Durchführung von individuell geeigneten Maßnahmen
Sie übernehmen folgende Tätigkeiten:
auticon bietet seinen Kunden für die Lösung individueller IT Fragestellungen kompetente Unterstützung an.
Wir bekommen Anfragen zu Projekten aus verschiedensten Branchen (Automotive, Banken und Versicherungen, FinTech, etc.) mit unterschiedlichen fachlichen Anforderungen. Aufgaben umfassen zum Beispiel:
Weiterentwicklung von Forecasting-Modellen und komplexeren Analytics-Lösungen
Konzeption und Entwicklung von Simulationsmodellen
Nutzen, Testen und Bewerten von Data Mining-, statistischen Modellierungs- und Machine Learning-Ansätzen
Analyse, Implementierung und Test von Business Intelligence-Lösungen unter Einsatz von z.B. Python, R, Hadoop, Spark, H2O, Matlab, TensorFlow, PowerBI, scikit-learn

Sie übernehmen Aufgaben und Teilbereiche innerhalb eines Projekts entsprechend ihrer fachlichen Voraussetzungen und Kenntnisse in enger Zusammenarbeit mit unseren Projektmanagern und Teamleitern. Die angeleitete projektspezifische Einarbeitung in neue Tools und Fachgebiete ist Teil Ihres Aufgabenspektrums.
Ihr Profil:
Sie sind leidenschaftlicher Data Scientist und haben schon persönliche oder fachliche Erfahrung erworben
Die Qualität Ihrer Arbeit hat für Sie eine hohe Priorität und Sie suchen ein berufliches Umfeld, in dem diese Qualitäten große Wertschätzung erfahren
Sie bringen tiefergehende Kenntnisse und praktische Erfahrungen in der Anwendungsentwicklung mit verschiedenen Programmiersprachen, Entwicklungsumgebungen, Frameworks und Datenbanken mit
Der Umgang mit Tools zur Versionsverwaltung und Ticketsystemen ist Ihnen vertraut
Erfahrung in der Zusammenarbeit mit Teams sind vorhanden
So kommen Sie mit uns in Kontakt:
Wir freuen uns auf Ihre Unterlagen, entweder per E-Mail an: oder bewerben Sie sich über unser Online Formular. Wir benötigen lediglich Ihren tabellarischen Lebenslauf und die Angabe der Referenznummer HP_2019DS10. Wir werden dann Kontakt zu Ihnen aufnehmen und Ihnen einen Fragebogen zusenden, in dem Sie uns einen kurzen Überblick über Ihre Kenntnisse und Interessen geben können.
auticon verbindet unternehmerische und soziale Ambitionen und ist damit ein einzigartiges Beratungsunternehmen. Nach einem erfolgreichen Start in Deutschland ist auticon nun auch in England, Frankreich, Italien, Schweiz, USA und Kanada aktiv und baut weitere Standorte weltweit auf. Wir sind stolz auf unser Team mit über 200 Mitarbeitern und gespannt auf neue Kollegen, die bereit sind, unsere besondere Reise zu begleiten.
Oder bewerben Sie sich über unser Online Formular
Haben Sie noch Fragen? Sprechen Sie mich gerne an!
Ramona Öller
+49 89 2006068 – 23",Berlin,German,0,0,0,0,0
pj_0f43552837db34d7,Berlin,data+scientist,Für Freelancer: Data Scientist (m/w/d),NOT_FOUND,NOT_FOUND,NOT_FOUND,https://de.indeed.com/pagead/clk?mo=r&ad=-6NYlbfkN0BP24j-pNkc6nflZ4x3bRMhQKJondvHJXfT3XLAJmjayG3c58APC-EpoJ-SRi_4oUfFMqnTC83go6YUS7ZoLIfj4YA4UizRLHxFPCOLI2BzFtM0PRjutGDYo2bW8UrSPd5naW4Kwk2q9VmTc0CHmVVwl7sGuDQykXaLsKvOhM4utQ-HdI96yjwNiiUUDjlch3Y2wtAWONe2VVX9fJ73_vFEDsGBJrt_R_AO1VT4HhdEj0Ae-tgyUnLbxtx4JeKbKtlU1zdO2AgrpRfjHroWl8RgudZHRYC9BiqG65FMITQSeecsJbDqmhAJrMZyr8p_R2a3G6fkd4QwvbfMdjZShhWS8c_laDvv7lsis3DVv4qP3BSLmIF_xGI1j9iYHQ3yLc50j6Pfauqhn7mdq36umyjuvoP4hALuSmCpkD-zq406d-OwkdJoDcOgf5QfeFTLgspRaZ5S76O4JJ-OGyDShphvGQqPAdkNh94TrZcJho5uK5wrBP0zjiii&p=14&fvj=0&vjs=3,1,"Freelancer Projekt -
Wir sind aktuell auf der Suche nach einem Data Scientist für ein spannendes Projekt in der Energieversorgung/Elektromobilität.

Zu Ihren Aufgaben gehören:
+ Sichtung der Produktvision zur ersten Einschätzung der technischen Machbarkeit mit dem Product Owner

+ Sichtung der Hypothesen zur Datenbasis mit anschließender Validierung

+ Prototypische Weiterentwicklung des entwickelten Tools

+ Durchführung von Machbarkeitsstudien

Anforderungen:
Must:
+ Python

+ Data Science

+ Geo-basierte Data Science Anwendungsgebiete

+ Erfahrung mit mathematisch-statistischen Hypothesen

+ Bibliotheken im Bereich Data Science

+ Deutsch und Englisch in Wort und Schrift

Konnten wir Ihr Interesse wecken? Dann freuen wir uns auf die Zusendung Ihres aussagekräftigen Qualifikationsprofils unter Angabe Ihrer Stundensatzvorstellung.

Start: 06.04.2020
Dauer: 1 Monat +
Ort: Remote
Freelancer",Deutschland,German,0,0,0,0,0
pj_0ca678214f17d60f,Berlin,data+scientist,Senior Data Scientist* / Machine Learning Engineer*,inovex GmbH,NOT_FOUND,NOT_FOUND,https://de.indeed.com/pagead/clk?mo=r&ad=-6NYlbfkN0CMw1fM8rq_8l06dHyQaNCoznwgpUUeLGwybztIuszlKwppk_it0B94vhRmznzf7Tx_riXG4rZNjTFmLRh2Pur8TYPh3VICvPSqsKhXIzn3xfuFLs2fz05PTKNxIVgCr_7Njp9EqKtmriT_pgXZdeDb7nWarDj8iXZBwZqw2BVMyCFnr8qi6s4udjtUlqq4bRd9Gu-YBfdzMzOudsmvVdoLSrTF9KRQY0vg-9c4nl70MEnnL8D9HAc_iQtyDKtVZQevgLAh44dUabZHF_DBQrzofZeO8imKH99eI65CHHVPoKv0Fxo4SKdpeFH29wjXQqy3GesCTXC9vC0AT89nffFd4f7nDKwpOm7hCV3JPpsr1Ak6Jyqblr9kG5jvlqtdMltX8rPGN206e73fhillfxCDzOhygRfllnOQL-odFjHtamMHAW0wAkExScLAuh7DUCWLodq9LWjdwdEgp0JZFzqMlFUidkMdQw0h7wrdNKw9Dw==&p=15&fvj=1&vjs=3,20,"Bei uns erwarten dich spannende Projekte um individuelle Software in einem modernen Umfeld für unsere Kunden zu entwickeln, das tun wir am liebsten mit einem innovativen Techstack. In unseren cross-funktionalen Teams setzten wir auf agile Methoden, um Projekte zu organisieren und die beste Qualität sicherzustellen. Du hast Lust ein Teil davon zu werden? Become an inovexpert!Was dich bei uns erwartet: Modellbildung und Datenanalyse (predictive und prescriptive analytics)Spannende Anwendungsfälle wie bspw. Forecasting, Recommendation, Clustering, Classification, Fraud DetectionExplorative Datenanalyse zur Definition von Analyse-StrategienPerformance-getriebene Auswahl von Machine Learning AlgorithmenImplementierung von skalierbaren Analysen auf verteilten System (z.B. mit Spark, scikit learn, TensorFlow)Datenbewirtschaftung und -aufbereitung von polystrukturierter Daten mit Hadoop, Spark, SQL- und NoSQL-DatenbankenUmsetzung der Data Science-Projekte von der Analyse bis zum Rollout: “Data Science to Production”Wer gut zu uns passen würde für die Standorte Hamburg, Köln, München, Karlsruhe oder StuttgartDu kannst ein abgeschlossenes Studium der Informatik, Mathematik, Physik und bereits mehrere Jahre Berufserfahrung in der Datenanalyse bzw. im Machine Learning-Bereich vorweisen, oder du hast in einem relevanten Bereich promoviertDu bist qualifiziert in mindestens einem der Schwerpunkte NLP, Feature Engineering, Text Mining, Computer Vision, Artificial Intelligence, Deep Learning oder Modellbildung und zählst gute Programmierkenntnisse in Python, R, Java, Scala oder SQL zu deinem technologischen PortfolioDu bringst exzellente analytische Fähigkeiten sowie ein Scientific-Mindset mit und tauscht dich bereits aktiv in der OpenSource-Community ausMobilität und Flexibilität für die Projektarbeit bei unseren Kunden vor Ort sind obligatorischGute Gründe für inovex: Wir sind nicht nur eine Firma mit hippen Büros und einem ausgefallenen Getränkeangebot, sondern legen zudem Wert auf:Unsere inovex-Kultur: coole Kolleg: innen, offene Türen & Ohren, innovative TechnologienHohe Freiheitsgrade durch flache Hierarchien, kurze Entscheidungswege und Eigenverantwortung im täglichen Doing.Jährliches Weiterbildungsbudget, fast täglich Brownbag Sessions und Meetups.Remote first, flexible Arbeitszeiten, Home Office und Teilzeitmodelle.Arbeitgeberzuschuss zur betrieblichen Altersvorsorge.Optionales Auto- oder JobRad-Leasing.Freie Wahl des Notebook-Betriebssystems (Linux, Mac, Windows) und des Smartphones (iOS, Android), sowie private Nutzung von Notebook und Smartphone.Berufliche Perspektive und die Möglichkeit, dich in deinem Aufgabenfeld (und darüber hinaus!) weiterzuentwickeln.inovex mitgestalten statt nur mitschwimmen: aktive Mitarbeit an fachlichen und kulturellen Themen, die auch über den Tellerrand hinausgehen & die Tech-Community glücklich machen.Last but not least: viel Spaß bei der Arbeit : -)Könnte das was für dich sein?Dann möchten wir dich kennenlernen!Dein Ansprechpartner ist das People & Culture Team.*Dein Geschlecht ist uns unwichtig, hauptsache du bist technologiebegeistertZusätzliche Leistungen:Flexible ArbeitszeitenBetriebliche AltersvorsorgeFirmenhandyHomeofficeKostenlose GetränkeWeiterbildungArt der Stelle: Vollzeit, Teilzeit, FestanstellungSprache:Deutsch (C1) (Erforderlich)",Deutschland,German,0,0,0,0,0
pj_0f43552837db34d7,Berlin,data+scientist,Für Freelancer: Data Scientist (m/w/d),NOT_FOUND,NOT_FOUND,NOT_FOUND,https://de.indeed.com/pagead/clk?mo=r&ad=-6NYlbfkN0BP24j-pNkc6nflZ4x3bRMhQKJondvHJXfT3XLAJmjayG3c58APC-EpoJ-SRi_4oUfFMqnTC83go6YUS7ZoLIfj4YA4UizRLHxFPCOLI2BzFtM0PRjutGDYo2bW8UrSPd5naW4Kwk2q9VmTc0CHmVVw1wtW-KC0R7wiJ09cGyeoarNExRvyDBjloQG7NEJ_0Q5umuKMbuTBrqreC-mX_zBg_x-VTQJ_iH2-GdsUVUa7vBRC9Hvl9HzUOvm46WIy6Nx35ad7A86CUe7Nw5vW4GLiC8nv0BQijf7bjmKTzlsOPri3Na8A4Lh1hqktWBO01iIL0B5bjfVZ6X73cOaeZ0-gr0enwiL1V2lsNhIOHXsfdN8cZ0wW-dvmzjQF3HmILoNQTWbA2Vlhd3WX-WOvno641DNilDT63VxPuyftGDMpd9Ip_hVm8P-5SZhX6P0cMU6an6UgFW9RWe5zQOa4NEPqONmQKD7DCaxVLOrGD4_aE0105JZxNs_-&p=0&fvj=0&vjs=3,1,"Freelancer Projekt -
Wir sind aktuell auf der Suche nach einem Data Scientist für ein spannendes Projekt in der Energieversorgung/Elektromobilität.

Zu Ihren Aufgaben gehören:
+ Sichtung der Produktvision zur ersten Einschätzung der technischen Machbarkeit mit dem Product Owner

+ Sichtung der Hypothesen zur Datenbasis mit anschließender Validierung

+ Prototypische Weiterentwicklung des entwickelten Tools

+ Durchführung von Machbarkeitsstudien

Anforderungen:
Must:
+ Python

+ Data Science

+ Geo-basierte Data Science Anwendungsgebiete

+ Erfahrung mit mathematisch-statistischen Hypothesen

+ Bibliotheken im Bereich Data Science

+ Deutsch und Englisch in Wort und Schrift

Konnten wir Ihr Interesse wecken? Dann freuen wir uns auf die Zusendung Ihres aussagekräftigen Qualifikationsprofils unter Angabe Ihrer Stundensatzvorstellung.

Start: 06.04.2020
Dauer: 1 Monat +
Ort: Remote
Freelancer",Deutschland,German,0,1,1,1,0
pj_c0e49bc62814164f,Berlin,data+scientist,IT Security Analyst CERT (m/w/d),top itservices AG,NOT_FOUND,"3,6",https://de.indeed.com/pagead/clk?mo=r&ad=-6NYlbfkN0Brx0uYoPiYEBflfSDWXFB9zqV7Dob0iCaE-LNUS3kEB7gFWilwsotWvarbNU9NpUQez-6E3oaZurzgnZRU0uf6Fkfbmle50akCKKapxqLPgvRWnzQzKzRbBD7RQfjaM-7Y79lO5U0axMDBqgbibNvjTKQ2Lg0wXzycJi_36gWK9JhRTzK7iconPGdq7HJf31m8G5sAnS1swSnhf2BV-6s4wNdIAFBKIOgsZqbFCCxsh8za3CUi2B15jOq9hY8Ra8T_7WdABtNMuUL92VOKeoLVyJ_RlbgAJeUGABvd1f-VWHgMNYyGeBRlF1s2zns6DicQTm6pOOQqe9YbR6wDv974oUevYQBbwy1yKbmAF-zo2iQKGHOJLw8dm4M6WYGcA8l0pejrrtKMgIMZCEQQthhRyv0j6oxt1Mw6F4iq3jZeEQ==&p=1&fvj=0&vjs=3,12,"Sie suchen einen Arbeitgeber, der Ihre Expertise optimal einsetzt? Dabei wollen Sie sich weiterentwickeln und lernen? Hierfür suchen Sie Unterstützung im Bewerbungsprozess und bei Ihrer Karriereplanung? Dann suchen wir Sie! Kompetent, persönlich und initiativ - das ist die top itservices AG: Als einer der führenden Personaldienstleister für IT und Engineering bringen wir top Fach- und Führungskräfte sowie Spezialisten zum passenden Unternehmen. Für Festanstellungen, auf Zeit oder für Projekte. Dabei bieten wir einen ganzheitlichen Experten-Service. Wir nehmen uns Zeit, Sie kennenzulernen und coachen und navigieren Sie auf Wunsch durch Ihren beruflichen Weg.
Nehmen Sie die Herausforderung an und besetzen Sie zusammen mit uns eine vakante Position als IT Security Analyst CERT (m/w/d).

IT Security Analyst CERT (m/w/d)
Berlin | Festanstellung | Ab sofort oder nach Vereinbarung |
Jetzt bewerben
Ihre Aufgaben

Erarbeitung von Sicherheitskonzepten und Maßnahmen zur Behebung der in den Systemen bzw. Prozessen lokalisierten Schwachstelle
Analysierung und Planung des Einsatzes von Tools des CERT
Aufbau und kontinuierliche Weiterentwicklung von Splunk und des Security Monitorings
Unterstützung bei Audits im Rahmen des Verantwortungsgebietes
Beratung und Unterstützung der Mitarbeiter bei IT-Sicherheitsanfragen
Ihr Profil

Abgeschlossenes Studium z.B. in Informatik, Data Scientist oder IT-Forensik
Alternativ mehrjährige praktische Erfahrung
Fundiertes Wissen im CERT / SOC Umfeld hinsichtlich des Einsatzes von Überwachung- und Analysewerkzeugen
Sehr gute Kenntnisse mit den Tools im Bereich von CERTs / SOC / CDC
Hohes Maß an Verantwortungsbewusstsein und Zuverlässigkeit
Verhandlungssichere Deutsch- und Englischkenntnisse
Ihre Chance

Spannende Tätigkeiten in einem innovativen und abwechslungsreichen Berufsfeld
Weiterbildungsmöglichkeiten und regelmäßige Teamevents
Arbeit mit aktuellen Technologie
INTERESSIERT?
Erkennen Sie sich wieder? Dann senden Sie Ihre Unterlagen unter Angabe der Kennziffer 425-11175. Erste Informationswünsche und Fragen beantwortet Ihnen Frau Melis Aktas gern telefonisch unter +49 30 2014497-16. Wir freuen uns bald von Ihnen zu hören!
Zimmerstraße 27
10969 Berlin
+49 30 2014497-0
Jetzt bewerben
Erfolgt im Text zugunsten einer besseren Lesbarkeit keine explizite Differenzierung zwischen der weiblichen, männlichen und weiteren Formen, so sind dennoch stets alle gemeint.",Berlin,German,0,0,1,1,1
p_630ef5b69d7071f6,Berlin,data+scientist,Point Cloud Data Scientist / Researcher,TERAKI GmbH,Berlin,NOT_FOUND,https://de.indeed.com/rc/clk?jk=630ef5b69d7071f6&fccid=51e9cda0233157b6&vjs=3,6,"Teraki is a Berlin-based, tech-driven company enabling true low-latency mobility by solving the big data problem for autonomous driving.
We stand for innovation in the rapidly developing connected car, self-driving, and 3D mapping worlds. Teraki provides data reduction and data processing solutions for Automotive (IoT) applications which enable the launch of new applications by reducing costs. With that we help our customers in the challenges that are posed by the data to be computed in (connected) cars for all sensors, video and 3D point cloud data. Teraki’s algorithms are suited to improve the quality of data to meet the strict safety criteria of automotive applications. As a side effect, less data needs to be acquired and less hardware has to be deployed to maintain the strict requirements of automotive hardware.
This combination makes it the best (and often the only) available solution for embedded use cases. We serve the OEM, Tier-1 and Aftermarket (Fleet-management, Telematics) by technically and economically enabling use cases such as Predictive Maintenance, UBI, Fleet-management, Telematics and Autonomous Driving. We focus on the B2B market. i.e. OEM, Tier1’s and Aftermarket players.


Your Responsibilities:


Lead the research and development of software for processing, compressing, and analyzing point cloud dat
Develop new applications based on concrete automotive customer specifications, specially related to autonomous driving and 3D mapping applications
Implement the developed code into our core product, in close collaboration with our software developers and data scientists from the telematics and video domains
Benchmark the performance and capabilities of the algorithms and code develope


Who we are looking for:


Masters or PhD in mathematics, computer science, engineering, or physics
Excellent mathematical skills, particularly in Linear Algebra
Strong C/C++/Cmake background, ideally with python experience
Strong verbal and written English skills (English is the working language, German is not required
Experience with Linux


The ideal candidate also has experience with:


Sensor fusion
Point cloud processing algorithms
Machine learning
Compression algorithms


What we offer:
The chance to immerse yourself in autonomous driving, with tasks from embedded design to machine learning
To work closely with world class European and American companies
To work in a dynamic start-up environment in the heart of Berlin, and to share insights with an international team spread across Europe and the US
To work in a small, but highly motivated, multidisciplinary, multicultural team with flat hierarchies.
Free public transport around within Berlin and free German classes",Berlin,English,1,1,0,1,1
p_a9324646811958e3,Berlin,data+scientist,Data Scientist Natural Language Processing,VoiXen GmbH,Berlin,NOT_FOUND,https://de.indeed.com/rc/clk?jk=a9324646811958e3&fccid=df24987c5a1f120f&vjs=3,22,"Stellenausschreibung Data Scientist Natural Language Processing (m/w/d)

DEINE AUFGABE
Du sorgst als Teil unseres Entwicklungsteams dafür, wertvolle Erkenntnisse aus der “Voice of the customer” (Kundengespräche, Anrufe, Mails) zu gewinnen. Dazu bringst du unserer Software bei, wie sie daraus das “Datengold”, nämlich die Essenz, herausfiltert und – selbstständig – erkennt.
Du setzt state-of-the-art Verfahren aus Data Science, Machine Learning, Natural Language Processing und Computerlinguistik ein und arbeitest mit unseren Applikationsentwicklern zusammen, um die Ergebnisse deiner Arbeit in unseren Produkten sichtbar zu machen.

DEIN PROFIL

Du hast ein abgeschlossenes Studium in Computerlinguistik, Informatik, Mathematik oder ähnliches.
Du hast Spaß an der Arbeit in selbstorganisierten Teams mit der Fähigkeit, eigenverantwortlich zu arbeiten.
Du verfügst über sehr gute kommunikative Fähigkeiten.
Du beherrscht die deutsche Sprache, idealerweise als Muttersprache.
Du hast eine Macher-Mentalität mit dem Drang, deine Fähigkeiten stets zu verbessern und dein Wissen zu erweitern.
Du bist technologiebegeistert. Machine Learning, vor allem auch Deep Learning sind für dich unter den spannendsten Themen, die dir einfallen.
Du hast Spaß daran, dem Fortschritt der Forschung rund um KI zu folgen und über konkrete Anwendungsmöglichkeiten neuer Erkenntnisse in deinem Tätigkeitsbereich nachzudenken.
Du hast bereits hinreichend Erfahrung als Data Scientist im Bereich Natural Language Processing gesammelt. Topic Modelling, Text Classification, Sentiment Analysis sind für dich nicht nur Bigramme, sondern tägliches Handwerkszeug.
Du sprichst fließend Python.
Du hast bereits mit einigen oder allen der folgenden Frameworks gearbeitet: nltk, scikit-learn, gensim, spacy, keras, apache spark. Wenn du das auch noch in der Cloud (z.B. bei AWS) getan hast, ist das umso besser.

UNSER ANGEBOT
Ein mitreißendes und elektrisierendes Umfeld innerhalb eines jungen Unternehmens.
Eine offene und dynamische Unternehmenskultur, die dich ermutigt und unterstützt, deine Expertise weiter zu verbessern und bestmöglich ins Unternehmen einzubringen.
Ein agiles, cross-funktionales Team.
Du bekommst – und übernimmst – Verantwortung für die Erweiterung unserer Möglichkeiten im Bereich Künstliche Intelligenz.
Wir geben dir die Möglichkeit deine Ideen einzubringen.
Du erhältst individuelle Weiterentwicklungsmöglichkeiten.
Und oben drauf noch eine attraktive, leistungsgerechte Vergütung.

Wir suchen Mitarbeiter, die mit uns die Zukunft gestalten und unsere Vision in innovative Lösungen übersetzen. Wir bieten dabei herausfordernde abwechslungsreiche Aufgaben in einem hochmotivierten Team, bei einem offenen und angenehmen Arbeitsumfeld in der Berliner Innenstadt oder in unserem NRW-Büro in Hamm.
Fühlst du dich angesprochen? Dann sende uns bitte deine vollständigen Unterlagen per E-Mail an ja-ich-will@voixen.com.",10713 Berlin,German,1,1,0,0,0
p_cd6728cb7debed35,Berlin,data+scientist,AI DATA SCIENTIST / RESEARCH (m/f/d),JAM Just Add Music GmbH,Berlin,NOT_FOUND,https://de.indeed.com/rc/clk?jk=cd6728cb7debed35&fccid=1d8ea7470a4e8bab&vjs=3,10,"JAM just add music GmbH is looking for an experienced AI and Data Scientist / Researcher to join our agile team. We are the company behind Music Maker JAM, the #1 music creation app!

Tasks

We are working on a generative network for music creation and we are growing this team by adding an AI developer with a focus on Data Analytics and Statistics. This is a one in a million project and if you want to be part of the agile team building this innovative service then please check our requirements below and apply!

YOUR RESPONSIBILITIES


Join the research and development team and contribute to the development and optimization of a generative adversarial network for music creation - from the pure data and cleaning phase to real music generation!
Prepare, pre-process and analyze the underlying data of our music creation network in order to be able to increase transparency and summarize learnings while developing the network with a team of engineers
Further develop the music network based on concrete use cases for creators that require fast and tailored results from a music creation network
Design and develop complex algorithms and functions for a highly efficient processing and analysis of data streams/outputs from the network
Perform benchmark tests to evaluate the performance and capabilities of the developed algorithms and codes
Analyze and visualize results from different models of the music network to drive further insights for potential improvement
Help implementing the developed code into the core product, in close collaboration with our software developers

Requirements


Master or PhD, preferably in mathematics, computer science, or physics
Demonstrated professional and research experience in cleaning, representation, vitalization, and analysis of data
You have good understanding of Machine Learning techniques and algorithms, for clustering and classification purposes
You have good experience with database software
You have good programming skills in Python, ideally also in C/C++
You have experience with signal/image/video applications using Machine Learning tools (a clear plus for having signal and voice application experience)
You have experience with deep learning libraries, such as Keras/Pytorch/Tensorflow (any deep learning-based framework)
You have excellent mathematical skills in Numerical Optimization, Linear Algebra and Statistics
An interest to work on a pioneering project that combines a generative network with music creation
It is a plus if you have experience with time series data (Supervised/ Unsupervised learning)

Benefits


A friendly & transparent company culture with highly motivated colleagues
An exciting and responsible role with great impact
International workplace environment, creative atmosphere & results driven

Join our agile team and help us build a truly disruptive music AI service!

If you are interested, please apply!

Applications must be in English",10589 Berlin,English,1,0,1,1,0
pj_0ca678214f17d60f,Berlin,data+scientist,Senior Data Scientist* / Machine Learning Engineer*,inovex GmbH,NOT_FOUND,NOT_FOUND,https://de.indeed.com/pagead/clk?mo=r&ad=-6NYlbfkN0CMw1fM8rq_8l06dHyQaNCoznwgpUUeLGwybztIuszlKwppk_it0B94vhRmznzf7Tx_riXG4rZNjTFmLRh2Pur8TYPh3VICvPSqsKhXIzn3xfuFLs2fz05PTKNxIVgCr_7Njp9EqKtmriT_pgXZdeDb7nWarDj8iXZBwZqw2BVMyCFnr8qi6s4uEU7HmnLBrW5w0nMYU8ucR0jqf5jjNxqLskmRqLfwvAegZfemOK7BrF4_6Ql2Lqa-U4UgNKYdRYbDZDcMQSSDDBI9EihTb5aDAfHT28PsKDAfTeANdo1BKhhWh3GYdasm6-RayE0vpLhUmOtwW3NF6bL7x9oDJdBVC101fqglETSqLEhghDFzwCjKuQhqDFYReGlzwrSp5AvJ9uLj-QrgrbrHpmYNxNOdwXkr4yA3rMUrmUHN300SkZujQM4zQJ9G5DUhqAvvEqsSIv7KXpw22USjBDQUqrujNwq1geupcdJMt-DxDRkqvQ==&p=14&fvj=1&vjs=3,20,"Bei uns erwarten dich spannende Projekte um individuelle Software in einem modernen Umfeld für unsere Kunden zu entwickeln, das tun wir am liebsten mit einem innovativen Techstack. In unseren cross-funktionalen Teams setzten wir auf agile Methoden, um Projekte zu organisieren und die beste Qualität sicherzustellen. Du hast Lust ein Teil davon zu werden? Become an inovexpert!Was dich bei uns erwartet: Modellbildung und Datenanalyse (predictive und prescriptive analytics)Spannende Anwendungsfälle wie bspw. Forecasting, Recommendation, Clustering, Classification, Fraud DetectionExplorative Datenanalyse zur Definition von Analyse-StrategienPerformance-getriebene Auswahl von Machine Learning AlgorithmenImplementierung von skalierbaren Analysen auf verteilten System (z.B. mit Spark, scikit learn, TensorFlow)Datenbewirtschaftung und -aufbereitung von polystrukturierter Daten mit Hadoop, Spark, SQL- und NoSQL-DatenbankenUmsetzung der Data Science-Projekte von der Analyse bis zum Rollout: “Data Science to Production”Wer gut zu uns passen würde für die Standorte Hamburg, Köln, München, Karlsruhe oder StuttgartDu kannst ein abgeschlossenes Studium der Informatik, Mathematik, Physik und bereits mehrere Jahre Berufserfahrung in der Datenanalyse bzw. im Machine Learning-Bereich vorweisen, oder du hast in einem relevanten Bereich promoviertDu bist qualifiziert in mindestens einem der Schwerpunkte NLP, Feature Engineering, Text Mining, Computer Vision, Artificial Intelligence, Deep Learning oder Modellbildung und zählst gute Programmierkenntnisse in Python, R, Java, Scala oder SQL zu deinem technologischen PortfolioDu bringst exzellente analytische Fähigkeiten sowie ein Scientific-Mindset mit und tauscht dich bereits aktiv in der OpenSource-Community ausMobilität und Flexibilität für die Projektarbeit bei unseren Kunden vor Ort sind obligatorischGute Gründe für inovex: Wir sind nicht nur eine Firma mit hippen Büros und einem ausgefallenen Getränkeangebot, sondern legen zudem Wert auf:Unsere inovex-Kultur: coole Kolleg: innen, offene Türen & Ohren, innovative TechnologienHohe Freiheitsgrade durch flache Hierarchien, kurze Entscheidungswege und Eigenverantwortung im täglichen Doing.Jährliches Weiterbildungsbudget, fast täglich Brownbag Sessions und Meetups.Remote first, flexible Arbeitszeiten, Home Office und Teilzeitmodelle.Arbeitgeberzuschuss zur betrieblichen Altersvorsorge.Optionales Auto- oder JobRad-Leasing.Freie Wahl des Notebook-Betriebssystems (Linux, Mac, Windows) und des Smartphones (iOS, Android), sowie private Nutzung von Notebook und Smartphone.Berufliche Perspektive und die Möglichkeit, dich in deinem Aufgabenfeld (und darüber hinaus!) weiterzuentwickeln.inovex mitgestalten statt nur mitschwimmen: aktive Mitarbeit an fachlichen und kulturellen Themen, die auch über den Tellerrand hinausgehen & die Tech-Community glücklich machen.Last but not least: viel Spaß bei der Arbeit : -)Könnte das was für dich sein?Dann möchten wir dich kennenlernen!Dein Ansprechpartner ist das People & Culture Team.*Dein Geschlecht ist uns unwichtig, hauptsache du bist technologiebegeistertZusätzliche Leistungen:Flexible ArbeitszeitenBetriebliche AltersvorsorgeFirmenhandyHomeofficeKostenlose GetränkeWeiterbildungArt der Stelle: Vollzeit, Teilzeit, FestanstellungSprache:Deutsch (C1) (Erforderlich)",Deutschland,German,1,1,0,0,1
pj_01bf00041da8eafc,Berlin,data+scientist,Technische Referentinnen und Referenten (m/w/d) in der Analyseunterstützung und Datengewinnung,Bundesamt für Verfassungsschutz,NOT_FOUND,NOT_FOUND,https://de.indeed.com/pagead/clk?mo=r&ad=-6NYlbfkN0DqZ1RMqcyLhHk9mL20NL6E_cPOls-PGIiCPfyCoUSmU6RxarBQPg62Jlbj1-ecOwbFOUnEaLiJaLg8UOzEh5xDTwO8CWvevLzyQiJZCcCyQBjwO7-POM0eguQMB6YmfbVgKLfgGXn_YvU6IXtxK5cN0IeIoxZSKqgIqVfCzbkgiv87kLuuNEWT4496e2TXFZ_y9O9VggFeuGCzdFmcw7Bu7BDq7YC5KSRWoTdcMCHZgPerObhc_QGMMC0SByPwCriaeLOo1P2-tysEqXCdYT4gpqvZU3q4x2a_jDUhAr1gdbTJbamdbMLC0QFWYgTS_Df-J-wIT-6Sc8w22JXJ9w4YHsaB4Oe6er-Gmc6wfg-t3jBiGa305hZUlig1vMq-K6Qw60BgoXBrZ77rceWJnq1PoT-X9mr3rkLRTFm1JRjkdZSL5Egn1TgI3H9ZKQtpWBvFNmi8S3ig19UVmDdDaRHAwPGzo-3pIviV_ShkEuQaXydcr2rkIPvHcjl8ZJIwZJAWVYXLeW3iDuuepo4Pq4htMn73SCUBmFk=&p=15&fvj=0&vjs=3,7,"Wir suchen zur Verstärkung unserer Teams an den Dienstorten Berlin und Köln mehrere
Technische Referentinnen und Referenten (m/w/d) in der Analyseunterstützung und Datengewinnung
Ihre Aufgaben
Das Bundesamt für Verfassungsschutz (BfV) leistet als Inlandsnachrichtendienst der Bundesrepublik Deutschland einen wesentlichen Beitrag für die Sicherheit der Bürgerinnen und Bürger.
Im Bereich der technischen Analyseunterstützung und Datengewinnung des BfV setzen Sie Ihre IT-Fachkenntnisse unter Anwendung eines modernen Tech-Stack zur technischen Erhebung, Aufbereitung oder Verknüpfung von nachrichtendienstlich relevanten Daten ein.
Sie arbeiten in komplexen, spezialisierten IT-Systemen, i.d.R. auf Linux- und Open-Source-Basis, als Software- bzw. Systementwickler/in, Techn. IT-Sicherheits- / Schwachstellenanalyst/in, Systemingenieur/in, Systemadministrator/in, Projektmanager/in oder Data Scientist.
Mögliche Einsatzbereiche sind der Cloud- / Plattformbetrieb und deren Weiterentwicklung, KI / Machine Learning / Big Data, Netzwerkforensik / Datenstromanalyse, IT- / Datenträgerforensik, Computer Network Exploitation und die Technische Datengewinnung / -erfassung.
Wir bieten
Sinnhaftigkeit
spannende Tätigkeit mit gesellschaftlichem Mehrwert und aktuellem politischen Bezug
Weiterentwicklung
durch Fortbildungen, gute berufliche Entwicklungsmöglichkeiten, vielfältige Einsatzbereiche
Fairness
flexible Arbeitszeiten, Überstundenausgleich durch Freizeit, familienfreundliches Arbeitsumfeld, auch durch individuelle Teilzeitmodelle
Teamzugehörigkeit
gute Arbeitsatmosphäre, Mentoring, Onboarding, Teil der Sicherheitscommunity
Gehalt und Perspektive
unbefristete Einstellung in die EG 13 TVöD Bund sowie Möglichkeit der späteren Verbeamtung
Übernahme von Beamtinnen und Beamten bis A 14 BBesG bei Vorliegen der laufbahnrechtlichen Voraussetzungen
Zahlung einer Nachrichtendienstzulage
Zahlung einer IT-Fachkräftezulage sowie weitere Gehaltsanhebungen nach Einzelfallprüfung möglich
Ihr Profil
Sie besitzen die deutsche Staatsangehörigkeit und verfügen über
ein abgeschlossenes wissenschaftliches Hochschulstudium (Master / Univ.-Diplom) der Fachrichtung Informatik, Mathematik, Physik oder
ein sonstiges wissenschaftliches Hochschulstudium mit IT-bezogener Ausrichtung.
Ebenfalls können sich Studierende bewerben, die den Abschluss eines solchen Studiums in Kürze anstreben.
Darüber hinaus erwarten wir
ein gutes schriftliches und mündliches Ausdrucksvermögen
die Fähigkeit zu konzeptionellem, analytischem und teamorientiertem Arbeiten
gute Kenntnisse in mindestens einem dieser Bereiche
Projektmanagement, idealerweise in Scrum oder PRINCE2®
Programmiersprachen: C / C++, Assembler (x86 / ARM), Go, Java, R oder Scala
Skriptsprachen: Python, Perl, Shell-Scripting
Erfahrung in Big-Data-Entwicklungsprojekten, Data Mining oder Business Intelligence
Software Reverse Engineering / Schwachstellenanalyse Windows, Linux, Android, macOS / iOS
Wir haben uns die berufliche Förderung von Frauen nach Maßgabe des BGleiG zum Ziel gesetzt und sind deshalb besonders an Bewerbungen von Frauen interessiert. Schwerbehinderte Menschen werden bei gleicher Eignung nach Maßgabe des SGB IX bevorzugt berücksichtigt.
Bitte bewerben Sie sich bis zum 17.04.2020 über das Online-Bewerbungssystem unter der Verfahrensnummer BfV-2019-105 auf https://bewerbung.dienstleistungszentrum.de/BfV-2019-105/index.html.
Das Bestehen von schriftlichen und mündlichen Eignungstests ist Voraussetzung für die weitere Bearbeitung Ihrer Bewerbung. Nähere Informationen rund um das Bewerbungsverfahren und die erforderliche Sicherheitsüberprüfung für eine Tätigkeit im Inlandsnachrichtendienst des Bundes finden Sie unter www.verfassungsschutz.de/karriere.
Für Fragen im Zusammenhang mit Ihrer Bewerbung stehen Ihnen die Mitarbeiter/innen vom Bundesverwaltungsamt – Servicezentrum Personalgewinnung – unter der Rufnummer 0228 99358-8690 gerne zur Verfügung.",10117 Berlin,German,0,0,1,1,0
pj_01b34b0422218220,Berlin,data+scientist,Associate Director In Vitro DMPK,RBW Consulting,NOT_FOUND,NOT_FOUND,https://de.indeed.com/pagead/clk?mo=r&ad=-6NYlbfkN0DPiPBVS3KmjTqjymWZvPzPJEsEe9JFHhSvGO4UmOZP0lu7DEJqM3bMIDcX3lGELY-ANUTsrH_RR1K55-eK4WXhpPR2PtX9jFStnWwb4M0m516AW98uT5SpdU1FQEr_LkoKu-rz33cxzPp2dzDH9NJYuByxJRJMl8g5LSfoo7qSgUDEuMzC0zP2inY9m8GuhPM7wzGEzIGvQ2WbS8Uach93kiN9ri8iMwzsZ0KDW7zyma9QYxEbK2viOJJ9iYMjQ0s9gbmNvAUtfGlvw_jyGjQr_L7Ew6H-J5_R9WVpCOcL-47du0jwrFScQvofSxp0fiUvuyqzg8cTOupBuBjfUEPM5fZt4S2xMCL_6ctVyPZLSvyO7W6gixreprUP27efPWrA4sYBJSoXFTbYTNP4vmWIeP0YFQEkDwm8C9K6z3PAJXPOKXcqC6Qwue5RrEHybxyLOAyF99nASIyFc_zC0vNwG_X9FYxwE9VK48Q7zYBW0sDH2ewigb6W7Ec4iM8Ojg3GxGl7nuuFy85v5olq6erS2UjPbiKnV1KlKexH1bX691CFOby0oco9ICUvy-nAA_tMn4ANUJo_jhFcqGosj5CfRvFc8pNCEvpLfU0W70SGZgn0iaoCnQ7SJxVLbEWQVI--O6BNesdnG7y6MO10Q3qGRXVf68NczBF8WgJZZChCCZi6z2FrY4OPTlBYStZ2tUepNHqcGZSlOR-zFXLiVskDff0UpHJMaFs0lEMMWj-7ob7rzEueFEu3utE5l0tIVXKKkj7GPerNYY1Y6GczlZ53g_bxKjmx-wo=&p=1&fvj=0&vjs=3,13,"We are currently working in close partnership with a growing organisation that are seeking an in vitro DMPK scientist to lead their ADME function.
This position is a fantastic opportunity for an experienced DMPK scientist to make the step up into leading a laboratory.
Responsibilities:
Coordinating and conducting in vitro studies including transporter studies, plasma protein binding, CYP induction and hepatic clearance across discovery and development.
Contributing to study reports and regulatory documentation such as SOPs and INDs.
Leading a lab of 2-3 technicians.
Ensuring studies comply with German law and regulations.
Intepretation and analysis of DMPK data using Phoenix WinNonlin.


Qualifications:
Educated to PhD in scientific related discipline with a minimum of 3 years industry experience.
Strong understanding of in vitro DMPK and ADME.
Using bioanalytical techniques such as LC-MS and HPLC.
Experience following regulatory guidelines for in vitro studies.
Strong communication skills in English and German.
Experience working with radioactivity is desirable.


If this is of interest then please email your CV to tom.douglas@rbwconsulting.com or call me at +44 (0) 1293 584300.",Deutschland,English,1,1,1,0,0
p_80068bb307e43edb,Berlin,data+scientist,Data Scientist (m/f/d),Aareon AG,Berlin,NOT_FOUND,https://de.indeed.com/rc/clk?jk=80068bb307e43edb&fccid=3f1ecf8fa57767ee&vjs=3,20,"Aareon Group teams up with ambitious founders to build new products and services. Focused on the real estate industry, each new, business unit we create & fund aims to create value for our customers and improve the living and working experience for millions in Europe and beyond. We strive to significantly shape the digitalisation of our industry and therefore invent new business models and invest in innovation and new technologies.
Your tasks & responsibilities:
Development and application of data-driven mathematical methods and models in a micro-service architecture context Applications include optimization and automation of processes like predictive maintenance of an equipment Adjusting the result based on the business facts. Conducting challenging projects with responsibility for results, budget and the project team Contribution to the strategic alignment of the ""Data Science"" field Contact person in the Aareon Group for data-science-related issues regarding analysis and optimization Continuous monitoring of the state-of-the-art and new developments in the expert field. Maintaining and extension of contacts to the data science community and external technology providers, universities etc. Descriptive modeling and predictive modeling, and creating the complete story based on these models Organizing regular review with Solution Manager in order to report discoveries from data and adjusting the development according to the decision Adapting the methods depending of the types of data

Your profile - A determined entrepreneur
University degree in Mathematics, Statistics, Physics, Information/Data Science, Engineering or or related fields of study with a strong quantitative focus Professional experience in the application of statistical modeling …. Good knowledge in Reinforcement Learning, Fuzzy Control Systems or H-infinity methods in control theory is a plus Fluent in at least one key programming language for data science and associated machine learning frameworks (e.g. Python or R (mandatory), Matlab etc.). SPSS is a great advantage. Knowledge in using Data visualization tools (like Tableux) is required Proven track record of successful cooperation and experience in (inter)national development projects as a member of a cross-functional team Convincing and confident appearance as well as strong communication skills in all customer situations Fluent German and excellent written, read and spoken English skills Willingness to travel abroad

Perks – More than just a leading position
Being an active member of a motivated and committed team, you will have the opportunity to further develop competences as well as to seek new horizons. For this position, you will be a key player in strategic group projects.

We also offer:

A position in a digital company where innovation is part of our DNA Flexible working hours, an outdoor office, good connections by public transport and free employee parking. Our employees are also offered a bicycle leasing service Attractive compensation and various additional benefits, such as: company health management or our company´s cafeteria Flexible solutions for work-life balance as well as comprehensive individual training opportunities 30 days off and off duty on Christmas Eve, New Year's Eve and Carnival
What´s your appetite?
Send us your CV and project outline/video to: careers@aareon.com",Berlin,English,1,1,1,0,1
p_c42026f250a7e397,Berlin,data+scientist,Senior Data Scientist (m/f/div),PubNative GmbH,Berlin,NOT_FOUND,https://de.indeed.com/rc/clk?jk=c42026f250a7e397&fccid=02882322f4d6c22e&vjs=3,,"We are PubNative, a mobile monetization platform that enables app publishers to enhance their revenue strategy through flexible ad units. With our proprietary cross-format optimization technology and mobile header bidding solution, we enable mobile publishers to maximize their programmatic advertising revenue. Our headquarters are in Berlin with a satellite office in Beijing.

Tasks

To keep up with our heavy traffic of around 25B auctions per day, we need to leverage state of the art technologies including:


an ad server written in Go,
iOS and Android SDKs,
Spark data pipelines (batch and streaming) running on a Kubernetes cluster,
Apache Airflow,
Tensorflow.

As a data scientist, your primary responsibility is to apply scientific reasoning to make our products better.

That entails:

identifying how we can solve business problems with exploratory data analyses,
developing optimization models and algorithms using Machine Learning toolkits,
taking those models out of dry-docks of Jupyter into production with the assistance of the data engineering team,
continuously monitoring the performances of the models with A/B tests.

Requirements

High traffic and low latency constrain our systems. That’s why we are looking for a background in specific technologies, and someone with the following profile:


A degree in informatics, statistics, computer science or any other relevant study field,
3+ years of relevant work experience as a Data Scientist building products,
experience in the ad-tech industry,
fluent in Python and SQL,
experience with classic exploratory data analyses techniques,
familiar with classic deployment tools, e.g., Git, Bash, continuous integration/development,
experience building data pipelines with Spark,
experience with machine learning paradigms, e.g., the different models involved, feature selection, preprocessing, cross-validation,
familiarity with at least one common framework like scikit-learn, Tensorflow, SparkML.

Nice to have:

experience with Scala or another strongly typed language,
acquaintance with functional programming,
open-source contributions.

Note: We do not ask for flawless skills in all the points above if you have some prior knowledge and an evident hunger to learn more.

Benefits


Reimbursement of the public transport monthly cards (company BVG abo),
reimbursement of your private telephone bill (20€ after-tax),
a day off on your birthday,
opportunity to attend industry events & conferences,
team events.

PubNative is looking forward to hearing from you!",10405 Berlin,English,1,0,1,0,1
p_edf46c9543ff412b,Berlin,data+scientist,Senior Data Scientist,Alldus,Berlin,NOT_FOUND,https://de.indeed.com/rc/clk?jk=edf46c9543ff412b&fccid=b4df24bc350094d0&vjs=3,20,"Senior Data Scientist – Search Ranking and Recommendation
Location: Berlin, near Mitte
Industry: E-Commerce
Salary: €70,000 - €95,000

The Company:
Join a leading food ordering company who are one of the global leaders in their industry, founded and based in Berlin they are looking to grow their Data Science teams to improve the functionality of their product and provide better offerings to their customers.

The Team:
You will join the Search Ranking and Recommendation team, in this team you will heaving in search, including CEO, SEA, Key words and other similar tech.
Along with this you will look to understand each individual user to provide them with customised versions of the product to increases their experience of the application.
The Search Ranking and Recommendation team is one of the most exciting teams in this companies are they are working with 100,000’s data points and a lot of the role includes providing solutions with real time data.

Experience Required:
Minimum 6 years relevant industry experience, 3 years if you have a Ph.D.
Proven experience adding value & ROI to a data science team who have models in production
Strong programming experience in Python
Professional experience designing, executing and evaluating A/B tests
Experience working with some of the following technologies: Python Sci-kits, NLP, Vision, Graph Databases, Machine Learning, Statistical modelling, OCR",Berlin,English,0,1,0,0,0
p_d76c751562033eb2,Berlin,data+scientist,Data Scientist NLP (working student),HiPeople,Berlin,NOT_FOUND,https://de.indeed.com/rc/clk?jk=d76c751562033eb2&fccid=46c7d0fc9af5d0cf&vjs=3,5,"HiPeople is looking for a highly motivated data scientist to join our team in Berlin. We are building a tool for automated candidate qualification to make hiring 10x more efficient and free of bias.

Tasks

We have the first version of HiPeople live at multiple renowned companies and are looking for a data scientist to further develop our NLP applications.

Requirements


You are comfortable with preprocessing unstructured data and excited to discover trends and patterns in large amounts of text
You have gathered first profound experience in building supervised learning models processing natural language
You have a strong knowledge of languages used for statistical computing e. g. Python and/or R as well as an outstanding mathematical understanding
You know how to effectively visualize your work to team members from different functions
You enjoy to communicate and collaborate with our engineering, product and science team
You adapt quickly to changes, can handle ambiguity without losing speed and are open-minded
You love to work in small, agile, and quality oriented teams who care about building amazing software

Benefits


Quality-driven environment
Healthy work-life balance
One free-lunch per week
Top-of-the-line equipment
Flexible hours and vacation
Parent-friendly company culture

Sounds good?

Let us know about the exciting projects you worked on.

We look forward to hearing from you!

We believe in diversity and strive to build an inclusive workplace that welcomes people from all different backgrounds.",10119 Berlin,English,1,1,1,1,0
p_9f43729c4a2f3669,Berlin,data+scientist,Lead Data Scientist,Alldus,Berlin,NOT_FOUND,https://de.indeed.com/rc/clk?jk=9f43729c4a2f3669&fccid=b4df24bc350094d0&vjs=3,20,"Lead Data Scientist – Logistics
Location: Berlin, near Mitte
Industry: E-Commerce
Salary: €85,000 - €100,000

The Company:
Join a leading food ordering company who are one of the global leaders in their industry, founded and based in Berlin they are looking to grow their Data Science teams to improve the functionality of their product and provide better offerings to their customers.

The Team:
You will join the Logistics, in this team you deal with data from over 500,000 partners and millions of customers worldwide.
This is the second largest team in company and one of the most critical teams when it comes to delivering a successful product.
They can provide insights to their users and customers real time.
There is always new projects in this team to create cutting-edge solutions which improve the whole customer experience.

Experience Required:
Minimum 6 years relevant industry experience
2 years experience in a leadership position
Proven experience adding value & ROI to a data science team who have models in production
Strong programming experience in Python
Professional experience designing, executing and evaluating A/B tests
Experience in implementing projects from MVP/ POC to production.",Berlin,English,0,1,1,1,0
pj_0f43552837db34d7,Berlin,data+scientist,Für Freelancer: Data Scientist (m/w/d),NOT_FOUND,NOT_FOUND,NOT_FOUND,https://de.indeed.com/pagead/clk?mo=r&ad=-6NYlbfkN0BP24j-pNkc6nflZ4x3bRMhQKJondvHJXfT3XLAJmjayG3c58APC-EpoJ-SRi_4oUfFMqnTC83go6YUS7ZoLIfj4YA4UizRLHxFPCOLI2BzFtM0PRjutGDYo2bW8UrSPd5naW4Kwk2q9VmTc0CHmVVwL05TtziuruCuWE7xXz3R7WokunPs-A_k92BBsby_UOUkVhmbHOwNMqjA3W93-GRwCMD6CkUSZVDfYXpGGMGyIq5MUqfFltbX9XOoRqZFGM1Ua6-9v84P_Pi0wl-EomMHj-96kADYQl-J34IcUyJ2KgoWc-dh7PGkH7EL0rbgXBkX-Yp03LwNM4vrVv4winSsNa3s7MigWdB5H5TGTx42DEbsIXbwfMBCDa5iAK3ltbOuAwPArsQlWasRbPAU_g_vpiIFhzY1QioQhs7OvcLtKTrLQJGX-UlmZ-0XLoMKm4vpfLzquiY254GPMvtvjdYfCcvLyr9idmQmOO6tB6T1YuYAbBBbL2lF&p=13&fvj=0&vjs=3,1,"Freelancer Projekt -
Wir sind aktuell auf der Suche nach einem Data Scientist für ein spannendes Projekt in der Energieversorgung/Elektromobilität.

Zu Ihren Aufgaben gehören:
+ Sichtung der Produktvision zur ersten Einschätzung der technischen Machbarkeit mit dem Product Owner

+ Sichtung der Hypothesen zur Datenbasis mit anschließender Validierung

+ Prototypische Weiterentwicklung des entwickelten Tools

+ Durchführung von Machbarkeitsstudien

Anforderungen:
Must:
+ Python

+ Data Science

+ Geo-basierte Data Science Anwendungsgebiete

+ Erfahrung mit mathematisch-statistischen Hypothesen

+ Bibliotheken im Bereich Data Science

+ Deutsch und Englisch in Wort und Schrift

Konnten wir Ihr Interesse wecken? Dann freuen wir uns auf die Zusendung Ihres aussagekräftigen Qualifikationsprofils unter Angabe Ihrer Stundensatzvorstellung.

Start: 06.04.2020
Dauer: 1 Monat +
Ort: Remote
Freelancer",Deutschland,German,0,0,1,1,1
pj_0ca678214f17d60f,Berlin,data+scientist,Senior Data Scientist* / Machine Learning Engineer*,inovex GmbH,NOT_FOUND,NOT_FOUND,https://de.indeed.com/pagead/clk?mo=r&ad=-6NYlbfkN0CMw1fM8rq_8l06dHyQaNCoznwgpUUeLGwybztIuszlKwppk_it0B94vhRmznzf7Tx_riXG4rZNjTFmLRh2Pur8TYPh3VICvPSqsKhXIzn3xfuFLs2fz05PTKNxIVgCr_7Njp9EqKtmriT_pgXZdeDb7nWarDj8iXZBwZqw2BVMyCFnr8qi6s4uqEqa_J7TDJ26PJ-wtFR6K0zlmPulqRp45R7T8zCMakHhxNri2fzOmzhRTHGoCCmRFbbanvwrXefVmEpa0EzovYPD-z7zW5UdCd-NKxAJp7EuXmXKa0og7bMwrAb-FgoKBogCTkt6UB1LGNgd6TWEudKe7ohEMLh2PNjNqehlUg4M6VEJ9JS-Jfg5PnvTE16LjwsWGdhXA5eZvyDbVleTxplo4Z6JGmM-5gppKEse_hMPmPPqaei-6aHDa36TarZmXsDrDA1oYkmx4WNebERbOzzn7JUSEpthndiG9TyyC0qU4O3Dz1JDvQ==&p=14&fvj=1&vjs=3,20,"Bei uns erwarten dich spannende Projekte um individuelle Software in einem modernen Umfeld für unsere Kunden zu entwickeln, das tun wir am liebsten mit einem innovativen Techstack. In unseren cross-funktionalen Teams setzten wir auf agile Methoden, um Projekte zu organisieren und die beste Qualität sicherzustellen. Du hast Lust ein Teil davon zu werden? Become an inovexpert!Was dich bei uns erwartet: Modellbildung und Datenanalyse (predictive und prescriptive analytics)Spannende Anwendungsfälle wie bspw. Forecasting, Recommendation, Clustering, Classification, Fraud DetectionExplorative Datenanalyse zur Definition von Analyse-StrategienPerformance-getriebene Auswahl von Machine Learning AlgorithmenImplementierung von skalierbaren Analysen auf verteilten System (z.B. mit Spark, scikit learn, TensorFlow)Datenbewirtschaftung und -aufbereitung von polystrukturierter Daten mit Hadoop, Spark, SQL- und NoSQL-DatenbankenUmsetzung der Data Science-Projekte von der Analyse bis zum Rollout: “Data Science to Production”Wer gut zu uns passen würde für die Standorte Hamburg, Köln, München, Karlsruhe oder StuttgartDu kannst ein abgeschlossenes Studium der Informatik, Mathematik, Physik und bereits mehrere Jahre Berufserfahrung in der Datenanalyse bzw. im Machine Learning-Bereich vorweisen, oder du hast in einem relevanten Bereich promoviertDu bist qualifiziert in mindestens einem der Schwerpunkte NLP, Feature Engineering, Text Mining, Computer Vision, Artificial Intelligence, Deep Learning oder Modellbildung und zählst gute Programmierkenntnisse in Python, R, Java, Scala oder SQL zu deinem technologischen PortfolioDu bringst exzellente analytische Fähigkeiten sowie ein Scientific-Mindset mit und tauscht dich bereits aktiv in der OpenSource-Community ausMobilität und Flexibilität für die Projektarbeit bei unseren Kunden vor Ort sind obligatorischGute Gründe für inovex: Wir sind nicht nur eine Firma mit hippen Büros und einem ausgefallenen Getränkeangebot, sondern legen zudem Wert auf:Unsere inovex-Kultur: coole Kolleg: innen, offene Türen & Ohren, innovative TechnologienHohe Freiheitsgrade durch flache Hierarchien, kurze Entscheidungswege und Eigenverantwortung im täglichen Doing.Jährliches Weiterbildungsbudget, fast täglich Brownbag Sessions und Meetups.Remote first, flexible Arbeitszeiten, Home Office und Teilzeitmodelle.Arbeitgeberzuschuss zur betrieblichen Altersvorsorge.Optionales Auto- oder JobRad-Leasing.Freie Wahl des Notebook-Betriebssystems (Linux, Mac, Windows) und des Smartphones (iOS, Android), sowie private Nutzung von Notebook und Smartphone.Berufliche Perspektive und die Möglichkeit, dich in deinem Aufgabenfeld (und darüber hinaus!) weiterzuentwickeln.inovex mitgestalten statt nur mitschwimmen: aktive Mitarbeit an fachlichen und kulturellen Themen, die auch über den Tellerrand hinausgehen & die Tech-Community glücklich machen.Last but not least: viel Spaß bei der Arbeit : -)Könnte das was für dich sein?Dann möchten wir dich kennenlernen!Dein Ansprechpartner ist das People & Culture Team.*Dein Geschlecht ist uns unwichtig, hauptsache du bist technologiebegeistertZusätzliche Leistungen:Flexible ArbeitszeitenBetriebliche AltersvorsorgeFirmenhandyHomeofficeKostenlose GetränkeWeiterbildungArt der Stelle: Vollzeit, Teilzeit, FestanstellungSprache:Deutsch (C1) (Erforderlich)",Deutschland,German,1,0,0,1,1
p_4e8aa496e9a91a77,Berlin,data+scientist,Data Scientist - EU Workforce Staffing,Amazon EU SARL(Germany Branch),Berlin,"3,6",https://de.indeed.com/rc/clk?jk=4e8aa496e9a91a77&fccid=fe2d21eef233e94a&vjs=3,28,"A Bachelor or Masters Degree in a highly quantitative field (Computer Science, Machine Learning, Operational Research, Statistics, Mathematics, etc.)Three or more years in a research science, ML, or data scientist role and a track record of strong statistical analysis and building machine or deep learning modelsExperienced in using multiple statistical/data science methodologies to solve complex business problems.Strong background and experience using Python and/or RExperienced in handling large data sets using SQL and databases in a business environment.Excellent verbal and written communication. Strong ability to interact, communicate, present, and influence within multiple levels of the organizationStrong troubleshooting and problem solving skills.

The Workforce Staffing Research team is responsible for our hourly workforce: Who do we hire? How should we hire them? How do we make sure the right candidate gets the right role at the right time, and how do we do this efficiently? As Amazon moves toward free one day shipping for prime customers, and as we continue to scale globally, answering these questions will have material impact on the business, and on the experience our candidates have.

Here’s where you come in:

What is the role? As a Data Scientist in Workforce Staffing, your work is focused on research programs to deeply understand the people that make up our hourly workforce. You understand that even when hiring hundreds of thousands of hourly associates across multiple types of roles and businesses, the experience of each candidate matters.

You use your deep expertise in statistics (regressions, multilevel models, structural equation models, etc.), and data collection in a variety of settings (e.g., field studies, surveys, existing large data sets) to define and answer nebulous problems. You leverage your quantitative background to develop and test theoretical frameworks and design experiments. You design, deployment, and conduct analysis of our global candidate research activities, using experimental, quasi-experimental, and RCT methods. You relentlessly obsess over understanding our candidates and what attracts them to Amazon. You work with colleagues across Research, Data Science, Business Intelligence and related teams to enable Amazon find and hire the right candidates for the right roles at an unprecedented scale.

This will be a highly visible role across multiple key deliverables for our global organization. If you are passionate and curious about data, obsess over customers, love questioning the status quo, and want to make the world a better place, let’s chat.

Master's or PhD in Statistics, Applied Math, Operations Research, Economics, or a related quantitative field with at least three years of working experience as a Data or Research Scientist.Experienced in writing academic-styled papers for presenting both the methodologies used and results for data science projects.Demonstrable track record of dealing well with ambiguity, ability to self-motivate, prioritizing needs, and delivering results in a dynamic environment.Combination of deep technical skills and business savvy to interface with all levels and disciplines within our and our customer’s organizationsExperience in recruitment or operations",Berlin,English,0,0,0,1,1
,,,,,,,,,,,,,,,,
,,,,,,,,,,,,,,,,
,,,,,,,,,,,,,,,,
,,,,,,,,,,,,,,,,
,,,,,,,,,,,,,,,,
,,,,,,,,,,,,,,,,
,,,,,,,,,,,,,,,,
,,,,,,,,,,,,,,,,
,,,,,,,,,,,,,,,,
,,,,,,,,,,,,,,,,
,,,,,,,,,,,,,,,,
,,,,,,,,,,,,,,,,
,,,,,,,,,,,,,,,,
,,,,,,,,,,,,,,,,
,,,,,,,,,,,,,,,,
,,,,,,,,,,,,,,,,
,,,,,,,,,,,,,,,,
,,,,,,,,,,,,,,,,
,,,,,,,,,,,,,,,,
,,,,,,,,,,,,,,,,
,,,,,,,,,,,,,,,,
,,,,,,,,,,,,,,,,
,,,,,,,,,,,,,,,,
,,,,,,,,,,,,,,,,
,,,,,,,,,,,,,,,,
,,,,,,,,,,,,,,,,
,,,,,,,,,,,,,,,,
,,,,,,,,,,,,,,,,
,,,,,,,,,,,,,,,,
,,,,,,,,,,,,,,,,
,,,,,,,,,,,,,,,,
,,,,,,,,,,,,,,,,
,,,,,,,,,,,,,,,,
,,,,,,,,,,,,,,,,
,,,,,,,,,,,,,,,,
,,,,,,,,,,,,,,,,
,,,,,,,,,,,,,,,,
,,,,,,,,,,,,,,,,
,,,,,,,,,,,,,,,,
,,,,,,,,,,,,,,,,
,,,,,,,,,,,,,,,,
,,,,,,,,,,,,,,,,
,,,,,,,,,,,,,,,,
,,,,,,,,,,,,,,,,
,,,,,,,,,,,,,,,,
,,,,,,,,,,,,,,,,
,,,,,,,,,,,,,,,,
,,,,,,,,,,,,,,,,
,,,,,,,,,,,,,,,,
,,,,,,,,,,,,,,,,
,,,,,,,,,,,,,,,,
,,,,,,,,,,,,,,,,
,,,,,,,,,,,,,,,,
,,,,,,,,,,,,,,,,
,,,,,,,,,,,,,,,,
,,,,,,,,,,,,,,,,
,,,,,,,,,,,,,,,,
,,,,,,,,,,,,,,,,
,,,,,,,,,,,,,,,,
,,,,,,,,,,,,,,,,
,,,,,,,,,,,,,,,,
,,,,,,,,,,,,,,,,
,,,,,,,,,,,,,,,,
,,,,,,,,,,,,,,,,
,,,,,,,,,,,,,,,,
,,,,,,,,,,,,,,,,
,,,,,,,,,,,,,,,,
